Case,Instance,Family,SourceIndex,N,Vertices,EqualityRank,StartObjective,SourceSHA256
1,GRID1_square_01,GRID1_square,1,220,121,120,483,9e3a615186b4e212697ca2fa4ffee35166ef63d39c06b7295e2aa24bdf113e4f
2,GRID1_square_02,GRID1_square,2,220,121,120,333,9e3a615186b4e212697ca2fa4ffee35166ef63d39c06b7295e2aa24bdf113e4f
3,GRID1_square_03,GRID1_square,3,220,121,120,1560,9e3a615186b4e212697ca2fa4ffee35166ef63d39c06b7295e2aa24bdf113e4f
4,GRID1_square_04,GRID1_square,4,220,121,120,1832,9e3a615186b4e212697ca2fa4ffee35166ef63d39c06b7295e2aa24bdf113e4f
5,GRID1_square_05,GRID1_square,5,264,144,143,651,9e3a615186b4e212697ca2fa4ffee35166ef63d39c06b7295e2aa24bdf113e4f
6,GRID1_square_06,GRID1_square,6,264,144,143,686,9e3a615186b4e212697ca2fa4ffee35166ef63d39c06b7295e2aa24bdf113e4f
7,GRID1_square_07,GRID1_square,7,264,144,143,2137,9e3a615186b4e212697ca2fa4ffee35166ef63d39c06b7295e2aa24bdf113e4f
8,GRID1_square_08,GRID1_square,8,264,144,143,2108,9e3a615186b4e212697ca2fa4ffee35166ef63d39c06b7295e2aa24bdf113e4f
9,GRID1_square_09,GRID1_square,9,312,169,168,765,9e3a615186b4e212697ca2fa4ffee35166ef63d39c06b7295e2aa24bdf113e4f
10,GRID1_square_10,GRID1_square,10,312,169,168,745,9e3a615186b4e212697ca2fa4ffee35166ef63d39c06b7295e2aa24bdf113e4f
11,GRID1_square_11,GRID1_square,11,312,169,168,2392,9e3a615186b4e212697ca2fa4ffee35166ef63d39c06b7295e2aa24bdf113e4f
12,GRID1_square_12,GRID1_square,12,312,169,168,2324,9e3a615186b4e212697ca2fa4ffee35166ef63d39c06b7295e2aa24bdf113e4f
13,GRID1_square_13,GRID1_square,13,364,196,195,625,9e3a615186b4e212697ca2fa4ffee35166ef63d39c06b7295e2aa24bdf113e4f
14,GRID1_square_14,GRID1_square,14,364,196,195,862,9e3a615186b4e212697ca2fa4ffee35166ef63d39c06b7295e2aa24bdf113e4f
15,GRID1_square_15,GRID1_square,15,364,196,195,3140,9e3a615186b4e212697ca2fa4ffee35166ef63d39c06b7295e2aa24bdf113e4f
16,GRID1_square_16,GRID1_square,16,364,196,195,2859,9e3a615186b4e212697ca2fa4ffee35166ef63d39c06b7295e2aa24bdf113e4f
17,GRID1_square_17,GRID1_square,17,420,225,224,940,9e3a615186b4e212697ca2fa4ffee35166ef63d39c06b7295e2aa24bdf113e4f
18,GRID1_square_18,GRID1_square,18,420,225,224,782,9e3a615186b4e212697ca2fa4ffee35166ef63d39c06b7295e2aa24bdf113e4f
19,GRID1_square_19,GRID1_square,19,420,225,224,2557,9e3a615186b4e212697ca2fa4ffee35166ef63d39c06b7295e2aa24bdf113e4f
20,GRID1_square_20,GRID1_square,20,420,225,224,3233,9e3a615186b4e212697ca2fa4ffee35166ef63d39c06b7295e2aa24bdf113e4f
21,GRID1_square_21,GRID1_square,21,480,256,255,960,9e3a615186b4e212697ca2fa4ffee35166ef63d39c06b7295e2aa24bdf113e4f
22,GRID1_square_22,GRID1_square,22,480,256,255,993,9e3a615186b4e212697ca2fa4ffee35166ef63d39c06b7295e2aa24bdf113e4f
23,GRID1_square_23,GRID1_square,23,480,256,255,2860,9e3a615186b4e212697ca2fa4ffee35166ef63d39c06b7295e2aa24bdf113e4f
24,GRID1_square_24,GRID1_square,24,480,256,255,4121,9e3a615186b4e212697ca2fa4ffee35166ef63d39c06b7295e2aa24bdf113e4f
25,GRID1_square_25,GRID1_square,25,544,289,288,1208,9e3a615186b4e212697ca2fa4ffee35166ef63d39c06b7295e2aa24bdf113e4f
26,GRID1_square_26,GRID1_square,26,544,289,288,1191,9e3a615186b4e212697ca2fa4ffee35166ef63d39c06b7295e2aa24bdf113e4f
27,GRID1_square_27,GRID1_square,27,544,289,288,3450,9e3a615186b4e212697ca2fa4ffee35166ef63d39c06b7295e2aa24bdf113e4f
28,GRID1_square_28,GRID1_square,28,544,289,288,4589,9e3a615186b4e212697ca2fa4ffee35166ef63d39c06b7295e2aa24bdf113e4f
29,GRID1_square_29,GRID1_square,29,612,324,323,1328,9e3a615186b4e212697ca2fa4ffee35166ef63d39c06b7295e2aa24bdf113e4f
30,GRID1_square_30,GRID1_square,30,612,324,323,1137,9e3a615186b4e212697ca2fa4ffee35166ef63d39c06b7295e2aa24bdf113e4f
31,GRID1_square_31,GRID1_square,31,612,324,323,3701,9e3a615186b4e212697ca2fa4ffee35166ef63d39c06b7295e2aa24bdf113e4f
32,GRID1_square_32,GRID1_square,32,612,324,323,4931,9e3a615186b4e212697ca2fa4ffee35166ef63d39c06b7295e2aa24bdf113e4f
33,GRID1_square_33,GRID1_square,33,684,361,360,1411,9e3a615186b4e212697ca2fa4ffee35166ef63d39c06b7295e2aa24bdf113e4f
34,GRID1_square_34,GRID1_square,34,684,361,360,1452,9e3a615186b4e212697ca2fa4ffee35166ef63d39c06b7295e2aa24bdf113e4f
35,GRID1_square_35,GRID1_square,35,684,361,360,4246,9e3a615186b4e212697ca2fa4ffee35166ef63d39c06b7295e2aa24bdf113e4f
36,GRID1_square_36,GRID1_square,36,684,361,360,5698,9e3a615186b4e212697ca2fa4ffee35166ef63d39c06b7295e2aa24bdf113e4f
37,GRID1_square_37,GRID1_square,37,760,400,399,1706,9e3a615186b4e212697ca2fa4ffee35166ef63d39c06b7295e2aa24bdf113e4f
38,GRID1_square_38,GRID1_square,38,760,400,399,1618,9e3a615186b4e212697ca2fa4ffee35166ef63d39c06b7295e2aa24bdf113e4f
39,GRID1_square_39,GRID1_square,39,760,400,399,4774,9e3a615186b4e212697ca2fa4ffee35166ef63d39c06b7295e2aa24bdf113e4f
40,GRID1_square_40,GRID1_square,40,760,400,399,6424,9e3a615186b4e212697ca2fa4ffee35166ef63d39c06b7295e2aa24bdf113e4f
41,GRID3_SQUARE_01,GRID3_SQUARE,1,722,363,362,1040,77f212dda39bcf6a0038f0a1f8638cd93eececdfe0dd1a0a4eb38a396531c8de
42,GRID3_SQUARE_02,GRID3_SQUARE,2,722,363,362,973,77f212dda39bcf6a0038f0a1f8638cd93eececdfe0dd1a0a4eb38a396531c8de
43,GRID3_SQUARE_03,GRID3_SQUARE,3,722,363,362,1044,77f212dda39bcf6a0038f0a1f8638cd93eececdfe0dd1a0a4eb38a396531c8de
44,GRID3_SQUARE_04,GRID3_SQUARE,4,722,363,362,983,77f212dda39bcf6a0038f0a1f8638cd93eececdfe0dd1a0a4eb38a396531c8de
45,GRID3_SQUARE_05,GRID3_SQUARE,5,800,402,401,1160,77f212dda39bcf6a0038f0a1f8638cd93eececdfe0dd1a0a4eb38a396531c8de
46,GRID3_SQUARE_06,GRID3_SQUARE,6,800,402,401,1256,77f212dda39bcf6a0038f0a1f8638cd93eececdfe0dd1a0a4eb38a396531c8de
47,GRID3_SQUARE_07,GRID3_SQUARE,7,800,402,401,1105,77f212dda39bcf6a0038f0a1f8638cd93eececdfe0dd1a0a4eb38a396531c8de
48,GRID3_SQUARE_08,GRID3_SQUARE,8,800,402,401,1249,77f212dda39bcf6a0038f0a1f8638cd93eececdfe0dd1a0a4eb38a396531c8de
49,PARK_01,PARK,1,60,17,16,80,bf7505af905f6b4d4bf86e95fc9918a75d4fa3cef808a5b0d0e7889575a9011f
50,PARK_02,PARK,2,60,17,16,74,bf7505af905f6b4d4bf86e95fc9918a75d4fa3cef808a5b0d0e7889575a9011f
51,PARK_03,PARK,3,60,17,16,59,bf7505af905f6b4d4bf86e95fc9918a75d4fa3cef808a5b0d0e7889575a9011f
52,PARK_04,PARK,4,60,17,16,81,bf7505af905f6b4d4bf86e95fc9918a75d4fa3cef808a5b0d0e7889575a9011f
53,PARK_05,PARK,5,120,26,25,88,bf7505af905f6b4d4bf86e95fc9918a75d4fa3cef808a5b0d0e7889575a9011f
54,PARK_06,PARK,6,120,26,25,97,bf7505af905f6b4d4bf86e95fc9918a75d4fa3cef808a5b0d0e7889575a9011f
55,PARK_07,PARK,7,120,26,25,71,bf7505af905f6b4d4bf86e95fc9918a75d4fa3cef808a5b0d0e7889575a9011f
56,PARK_08,PARK,8,120,26,25,190,bf7505af905f6b4d4bf86e95fc9918a75d4fa3cef808a5b0d0e7889575a9011f
57,PARK_09,PARK,9,210,37,36,213,bf7505af905f6b4d4bf86e95fc9918a75d4fa3cef808a5b0d0e7889575a9011f
58,PARK_10,PARK,10,210,37,36,156,bf7505af905f6b4d4bf86e95fc9918a75d4fa3cef808a5b0d0e7889575a9011f
59,PARK_11,PARK,11,210,37,36,129,bf7505af905f6b4d4bf86e95fc9918a75d4fa3cef808a5b0d0e7889575a9011f
60,PARK_12,PARK,12,210,37,36,165,bf7505af905f6b4d4bf86e95fc9918a75d4fa3cef808a5b0d0e7889575a9011f
61,PARK_13,PARK,13,336,50,49,211,bf7505af905f6b4d4bf86e95fc9918a75d4fa3cef808a5b0d0e7889575a9011f
62,PARK_14,PARK,14,336,50,49,161,bf7505af905f6b4d4bf86e95fc9918a75d4fa3cef808a5b0d0e7889575a9011f
63,PARK_15,PARK,15,336,50,49,234,bf7505af905f6b4d4bf86e95fc9918a75d4fa3cef808a5b0d0e7889575a9011f
64,PARK_16,PARK,16,336,50,49,214,bf7505af905f6b4d4bf86e95fc9918a75d4fa3cef808a5b0d0e7889575a9011f
65,PARK_17,PARK,17,504,65,64,297,bf7505af905f6b4d4bf86e95fc9918a75d4fa3cef808a5b0d0e7889575a9011f
66,PARK_18,PARK,18,504,65,64,306,bf7505af905f6b4d4bf86e95fc9918a75d4fa3cef808a5b0d0e7889575a9011f
67,PARK_19,PARK,19,504,65,64,226,bf7505af905f6b4d4bf86e95fc9918a75d4fa3cef808a5b0d0e7889575a9011f
68,PARK_20,PARK,20,504,65,64,235,bf7505af905f6b4d4bf86e95fc9918a75d4fa3cef808a5b0d0e7889575a9011f
69,PARK_21,PARK,21,720,82,81,308,bf7505af905f6b4d4bf86e95fc9918a75d4fa3cef808a5b0d0e7889575a9011f
70,PARK_22,PARK,22,720,82,81,380,bf7505af905f6b4d4bf86e95fc9918a75d4fa3cef808a5b0d0e7889575a9011f
71,PARK_23,PARK,23,720,82,81,361,bf7505af905f6b4d4bf86e95fc9918a75d4fa3cef808a5b0d0e7889575a9011f
72,PARK_24,PARK,24,720,82,81,330,bf7505af905f6b4d4bf86e95fc9918a75d4fa3cef808a5b0d0e7889575a9011f
73,PARK_25,PARK,25,990,101,100,354,bf7505af905f6b4d4bf86e95fc9918a75d4fa3cef808a5b0d0e7889575a9011f
74,PARK_26,PARK,26,990,101,100,450,bf7505af905f6b4d4bf86e95fc9918a75d4fa3cef808a5b0d0e7889575a9011f
75,PARK_27,PARK,27,990,101,100,420,bf7505af905f6b4d4bf86e95fc9918a75d4fa3cef808a5b0d0e7889575a9011f
76,PARK_28,PARK,28,990,101,100,387,bf7505af905f6b4d4bf86e95fc9918a75d4fa3cef808a5b0d0e7889575a9011f
