Study,Family,Instance,File,SHA256,Subfamily
paper_equality_20260918,qap,chr12a,data/qap/chr12a.mat,6f4c6eeb81e117cfd0219a4500c86e9f163d1ecb4b5fada8713ea3e3b1e05e7e,
paper_equality_20260918,qap,chr12b,data/qap/chr12b.mat,0020b6e6293508a06add580904ebb5e87947ebc083b961fbad38242981ac2c10,
paper_equality_20260918,qap,chr12c,data/qap/chr12c.mat,1acc7467ff4f735cbbdf84b7bae2daf34049e1200191a4e69fc9ade5309bf42a,
paper_equality_20260918,qap,chr15a,data/qap/chr15a.mat,e50eafd3e3093b0bd081636a48407b94ae501e400c05de981a1c5d0b304c1df2,
paper_equality_20260918,qap,chr15b,data/qap/chr15b.mat,462324174bdf12a3f4394b71b660984e551bfa00d6b365cc9a02e0aa489f0feb,
paper_equality_20260918,qap,chr15c,data/qap/chr15c.mat,ca8eeef00f9dd387e7141706274ebc657a2c8d65712756cd30ec07d0953e7a5f,
paper_equality_20260918,qap,chr18a,data/qap/chr18a.mat,82cb8d14ab149806ef19dcac448ed48c0cd15a160c2e61fe149278a2668c8a33,
paper_equality_20260918,qap,chr18b,data/qap/chr18b.mat,3291ea71824d0e2807b2bbb960800a2eedd68242b01b78ee85a20a94f50c7fa7,
paper_equality_20260918,qap,chr20a,data/qap/chr20a.mat,0ae12655a02512f8dd031f9bce73a09cebd824b5b47b5e0ba55ad3b645d6808f,
paper_equality_20260918,qap,chr20b,data/qap/chr20b.mat,bf0a858167d16054f51c461509e80062b1ea8012f5f5ddebe039f36ae4bef088,
paper_equality_20260918,qap,chr20c,data/qap/chr20c.mat,dd0a515fa922dfec5b5128a22040882b644143877be7d1bf3580f319089ea702,
paper_equality_20260918,qap,chr22a,data/qap/chr22a.mat,e5b8bcaccdae3d46ab1b15c0541e5b73362046ad8f2c7ab107afad982eb24149,
paper_equality_20260918,qap,chr22b,data/qap/chr22b.mat,145f326ee5ea21efeef66846e1bea4d87c2fc13c34303588d9458040ba98eb32,
paper_equality_20260918,qap,chr25a,data/qap/chr25a.mat,75855f114985a3d53036ffa9060d7209cb12473c0b3234665bf1dc9ce58f98ca,
paper_equality_20260918,qap,els19,data/qap/els19.mat,e75b4a43d1e6d5c806ed779654aeb61831c692ff8e6ab7dc8ed4168eab070ab1,
paper_equality_20260918,qap,esc16a,data/qap/esc16a.mat,04b3afbdf570fb702e809520fe3d0b7ac8b209c39b17be910bd1553d4b19fa14,
paper_equality_20260918,qap,esc16b,data/qap/esc16b.mat,381e372f858ffd96d148579366edbf52cb5db718158fb0fdadc90845a23d33a0,
paper_equality_20260918,qap,esc16c,data/qap/esc16c.mat,edb5a05f6eea4ae35f07836ba2c991dadc86374e250b4fd1c2ed5d1bf473b47d,
paper_equality_20260918,qap,esc16d,data/qap/esc16d.mat,19cf5ecc1d86372b48473fa0c8dffd8632361dd17a45667f7612c8ff5bab955f,
paper_equality_20260918,qap,esc16e,data/qap/esc16e.mat,9f745d676fd3e92642226b3d2a3fcf6ceeac79100ae8aaec7c45b2513b002d3d,
paper_equality_20260918,qap,esc16f,data/qap/esc16f.mat,9a60b0ac0e9026308a4ecfb66f168b70193f7c895f37c08f88bd975391858f70,
paper_equality_20260918,qap,esc16g,data/qap/esc16g.mat,81a40e55ea60112532da6c37ff8bd9b1f432a106cde8e7170db54588084807cf,
paper_equality_20260918,qap,esc16h,data/qap/esc16h.mat,bf53edec6dd34630f27ad20dc0bac0e6d557063c95011cd48e5e6d7a8cf48324,
paper_equality_20260918,qap,esc16i,data/qap/esc16i.mat,a4b24a3c8bbd96951d32e354588a4b6d7563ac11141a1b64678df92f653763b7,
paper_equality_20260918,qap,esc16j,data/qap/esc16j.mat,357c85e959fa9b2cab7290ad8ae3f2ae29cca7bb7f53c5025a215a4dc979be19,
paper_equality_20260918,qap,had12,data/qap/had12.mat,626c9577e19203796b5aa8b358cd6e4730ef2e03f26612cd32cdcaaf05546254,
paper_equality_20260918,qap,had14,data/qap/had14.mat,bf80b1a352be9e15c9fdf51b3e936fed4cc4930043d91d9458f54a259b1413f3,
paper_equality_20260918,qap,had16,data/qap/had16.mat,fe4ee55d721d563527a558532192b30664e67edf2b9e457ca8bf3e35ad1eabe3,
paper_equality_20260918,qap,had18,data/qap/had18.mat,9bee84baa1dd0e2d15c25b72c44d3656cfa6e8b3316d5ddc626acf9d623895fc,
paper_equality_20260918,qap,had20,data/qap/had20.mat,d4f14458ae26187a4368af1158e60ebfa2d0b1caa60099fb7bb52793500c1d74,
paper_equality_20260918,qap,kra30a,data/qap/kra30a.mat,1fcc82b58d745a283883684cb8c6096b2fdac511e580a7425d462b0a34f1d2ab,
paper_equality_20260918,qap,kra30b,data/qap/kra30b.mat,249a25a266fdbe70f1edcd87ea94e5892364cbd7811138aa5823a57c96e33862,
paper_equality_20260918,qap,nug12,data/qap/nug12.mat,0654af1836451d4213128e2888fb4262287aa2478b83539897ea5e4069b3d98d,
paper_equality_20260918,qap,nug14,data/qap/nug14.mat,cf6906311c17a451f38f1c239d8802ae7b9da9666f0be06a3a8fdba1b2e59655,
paper_equality_20260918,qap,nug15,data/qap/nug15.mat,972e642e0b1b20f996ba3670bb982b89151c290eeed7fae079573a7f8e505af5,
paper_equality_20260918,qap,nug16a,data/qap/nug16a.mat,dca75453893c11891ee7c7b56391d0ed9526320ad13eb990924a950ea25765a6,
paper_equality_20260918,qap,nug16b,data/qap/nug16b.mat,bfb8f1a4b626e1567a27a2cda387c5ff5dd66bb3511324c9c10c3f51020205f5,
paper_equality_20260918,qap,nug17,data/qap/nug17.mat,2c64f51622fbacc636b5f996051cbf8fece87a04d0e13746cfd16ceb6fbdb4bc,
paper_equality_20260918,qap,nug18,data/qap/nug18.mat,f0722a22dcd9fd5df3e769b21b6d5d81f062357153d00948f9868deabb165e31,
paper_equality_20260918,qap,nug20,data/qap/nug20.mat,1aba12ecf69c778da4e88b9350c2d0ce2dd1d11deb2c1341d911715576aaa2e1,
paper_equality_20260918,qap,nug21,data/qap/nug21.mat,02265461fe4e1538471ad948ef2c369df283ebe562b5d6f7cbf960688ee02e5a,
paper_equality_20260918,qap,nug22,data/qap/nug22.mat,470f5e2f3504ee6265aa5083152e0935b8f87dff34baeddf6749cb6c411bdc3b,
paper_equality_20260918,qap,nug24,data/qap/nug24.mat,58d5ef200350c430d69fb347b912fba91f15bbcde26fe8d56136626466577dc3,
paper_equality_20260918,qap,nug25,data/qap/nug25.mat,45f439be624d36477b4a7cf56bc9bc60817bedfca032a670041510bdacc70f44,
paper_equality_20260918,qap,nug27,data/qap/nug27.mat,a4806a111945c2da36264b2ce1d5a651204fdc2ec5b3b81596a5d8ed1d7f001d,
paper_equality_20260918,qap,nug28,data/qap/nug28.mat,da1b5c1f7a670b6a57cc46b24639095da6122dcb61f7df4cbc4bec768f8d4352,
paper_equality_20260918,qap,nug30,data/qap/nug30.mat,ad686186ed352f453baf1bb983b2c63a885cffb9715cac6d7ea98f408fbb35ba,
paper_equality_20260918,qap,rou12,data/qap/rou12.mat,faa66a7d14a96bacb11f0365c8b411964fe2b5b41abf26d11603427888de3124,
paper_equality_20260918,qap,rou15,data/qap/rou15.mat,3752a655f7f994da8a0db4d2773d097e4cec96927a684472c7d18a2a0a0637b6,
paper_equality_20260918,qap,rou20,data/qap/rou20.mat,142527a1c960c64f6aa139822e1e60a027a5531a69eac1c14c8f0778a3eeff14,
paper_equality_20260918,qap,scr12,data/qap/scr12.mat,22e576d8734e4bae0e5e0e4f422578d020882268f55859e81a6e70260b830f6d,
paper_equality_20260918,qap,scr15,data/qap/scr15.mat,9def6a32118ceaf831f5bf7d9b50b6b198603472937168c54981bc31396cb20e,
paper_equality_20260918,qap,scr20,data/qap/scr20.mat,73b0140f5ff2f85d7444ab972ad805982dda0cd69d534925bb4693dd3ef209d4,
paper_equality_20260918,qap,tai10a,data/qap/tai10a.mat,cc436bbab4ce1022fa29e43daf39928c6ef029630e67edb808180ccdc72a4081,
paper_equality_20260918,qap,tai12a,data/qap/tai12a.mat,fa90ffc09b22f9e9bfb9c4df1b131239a93dc34676a9cfbdb539f518a52926e8,
paper_equality_20260918,qap,tai15a,data/qap/tai15a.mat,721648488e031c080861c73c42dc4e6aa253467922b62275bd779b4dcf72cabd,
paper_equality_20260918,qap,tai17a,data/qap/tai17a.mat,677baf96e6df7ac653127c7db75ac6a9b48de62c75ec0815c954d8e36d05ccc3,
paper_equality_20260918,qap,tai20a,data/qap/tai20a.mat,34d2e01032a301ef6e2a8f958a8b933c6491efa3bcc71c9a54a3bd9ca637851f,
paper_equality_20260918,qap,tai25a,data/qap/tai25a.mat,4989f30dd4d2795eab1e345f224a24d35a9cd44b85bcce4dc1c242bee18310ab,
paper_equality_20260918,qap,tai30a,data/qap/tai30a.mat,6b0b5770f2529ad9a2291d225b2c45bbbef70243fefd6f36b960972f7fedd927,
paper_equality_20260918,qap,tho30,data/qap/tho30.mat,7f1142711a2fe4fa53d1c1362bf340731504d7c37253dd3a68c9bc01c2a08240,
paper_equality_20260918,kcluster,kcluster120_025_30_1,data/kcluster/kcluster120_025_30_1.mat,6edbc83631f504ec6ccce0d37fece94520d7935e29501b8f23fac1ad30570d54,
paper_equality_20260918,kcluster,kcluster120_025_30_2,data/kcluster/kcluster120_025_30_2.mat,826f17d1749a45d6ef91f9865ec5e7fac456c823c5f197fa8b605250c692596d,
paper_equality_20260918,kcluster,kcluster120_025_30_3,data/kcluster/kcluster120_025_30_3.mat,4459e12aaa62ad6f5ea44b2e4b179b7fd4a148d8dc1f903d405c9e5dfdecba3d,
paper_equality_20260918,kcluster,kcluster120_025_30_4,data/kcluster/kcluster120_025_30_4.mat,33911a09e03a5e6ac78431b185a17fef0afb88246336e9f7d209d1c216f4f4c8,
paper_equality_20260918,kcluster,kcluster120_025_30_5,data/kcluster/kcluster120_025_30_5.mat,d7630e703b4e8b78473b2efc4f04df04e60f000dad41567f59a799fa2334d359,
paper_equality_20260918,kcluster,kcluster120_025_60_1,data/kcluster/kcluster120_025_60_1.mat,6ed945f308fa6d5e8c395ab9cd165326d63ed7bfd0286053fb2d137307f17b99,
paper_equality_20260918,kcluster,kcluster120_025_60_2,data/kcluster/kcluster120_025_60_2.mat,10b9d445342f5e0cad01aeb6ab6693cd8fd65c5f14184259ec47d616beff1cb7,
paper_equality_20260918,kcluster,kcluster120_025_60_3,data/kcluster/kcluster120_025_60_3.mat,dd18c80000fa9d6de4b06a7baf9e8b8e2536b1274df2598b47cff0be677e7fde,
paper_equality_20260918,kcluster,kcluster120_025_60_4,data/kcluster/kcluster120_025_60_4.mat,4ac366bd7c58cde2a475d5421816b4f6338ea3a22d29307ee9c1d2e677715827,
paper_equality_20260918,kcluster,kcluster120_025_60_5,data/kcluster/kcluster120_025_60_5.mat,bc6fecabce66adac1bd3fd4be63ab942c2202265879bb8492972951a18241196,
paper_equality_20260918,kcluster,kcluster120_050_30_1,data/kcluster/kcluster120_050_30_1.mat,a4f2261e074b6bedcc90298fe750e359f9eee3f007865c5c48ea4ea2229f5aff,
paper_equality_20260918,kcluster,kcluster120_050_30_2,data/kcluster/kcluster120_050_30_2.mat,71661342a0af9e72cecd15fe9971f7ce34f142e80d6155a19b9d022f50cb5ea6,
paper_equality_20260918,kcluster,kcluster120_050_30_3,data/kcluster/kcluster120_050_30_3.mat,76fb9b175e0e7934696c5b3bcef193c550584fb551bc8242bc5b4b7cd337aaad,
paper_equality_20260918,kcluster,kcluster120_050_30_4,data/kcluster/kcluster120_050_30_4.mat,707d34774eef4b13ad68b4faf2a4de4469988136e3aacfdcfce8c25e0cf3712e,
paper_equality_20260918,kcluster,kcluster120_050_30_5,data/kcluster/kcluster120_050_30_5.mat,e30a43b2e8d59f5fcf5e1f1e8b119fa46f86808bb0268113da623bfe1ebe412c,
paper_equality_20260918,kcluster,kcluster120_050_60_1,data/kcluster/kcluster120_050_60_1.mat,38c21b37879169d1c0ee5958ea0334f4d8dc1a70d7e9929b2676ba99a1484596,
paper_equality_20260918,kcluster,kcluster120_050_60_2,data/kcluster/kcluster120_050_60_2.mat,a779c0c334354d638495c501fee59b09b167cd2a5511b587f1bc5d89008ccf9b,
paper_equality_20260918,kcluster,kcluster120_050_60_3,data/kcluster/kcluster120_050_60_3.mat,0e1328ac9da794b3e51d72043ab5999d27d5cd49219af34b6988e2fe18da1a73,
paper_equality_20260918,kcluster,kcluster120_050_60_4,data/kcluster/kcluster120_050_60_4.mat,30ac6d043633246f912084e67b12ab53c84250cb67840fc47b6b4d90c7ad9473,
paper_equality_20260918,kcluster,kcluster120_050_60_5,data/kcluster/kcluster120_050_60_5.mat,557c33569aa78a0032d39a37516c98e444f5ed2d5b7d8135096f009442f1ad67,
paper_equality_20260918,kcluster,kcluster120_075_30_1,data/kcluster/kcluster120_075_30_1.mat,4b867fa03b05810aef61d69581f52e6952a2774eb047652e1f3e4132d1d14bbc,
paper_equality_20260918,kcluster,kcluster120_075_30_2,data/kcluster/kcluster120_075_30_2.mat,4e9cc78201645884ee54389869f812775de3d2d4527adac0114000f25f236ca8,
paper_equality_20260918,kcluster,kcluster120_075_30_3,data/kcluster/kcluster120_075_30_3.mat,ad84205436f3c3c9186cf61308040771ff871faa557827d1876f766a2979c86b,
paper_equality_20260918,kcluster,kcluster120_075_30_4,data/kcluster/kcluster120_075_30_4.mat,0fdb2da658c41283cb40f0656630b208c8c2ede85f7b5b10de2aa3df483cee76,
paper_equality_20260918,kcluster,kcluster120_075_30_5,data/kcluster/kcluster120_075_30_5.mat,33d1b5956d2d8fe0d1f398f6c4f3e0f82c4634cace38c7f8379bdce9f97bfd47,
paper_equality_20260918,kcluster,kcluster120_075_60_1,data/kcluster/kcluster120_075_60_1.mat,77c30b3a5ead24879b2865cc3aaa4fba80b6bd9876dbbf670d44146cac2c20d0,
paper_equality_20260918,kcluster,kcluster120_075_60_2,data/kcluster/kcluster120_075_60_2.mat,10443e23d4f6fbcd239ef55aa5e2376595daec9536ad2ceb914ab22ee7b073ac,
paper_equality_20260918,kcluster,kcluster120_075_60_3,data/kcluster/kcluster120_075_60_3.mat,5503db114c31844be86573e02c86a0e11edded476958d87a08a6f9bfb9a61368,
paper_equality_20260918,kcluster,kcluster120_075_60_4,data/kcluster/kcluster120_075_60_4.mat,75a95418ffb05e7ba5e169ab0b8a8787ecb2870f3550c6f7fc53368d37314397,
paper_equality_20260918,kcluster,kcluster120_075_60_5,data/kcluster/kcluster120_075_60_5.mat,37e0c832735038fa4696f8015d44717523ed8bef006c8eb3a940bbc8a5262325,
paper_equality_20260918,kcluster,kcluster160_025_40_1,data/kcluster/kcluster160_025_40_1.mat,96a16a5368a833649b4264d49c7b66abefdcef756c4ac908aab872923f9f9fe8,
paper_equality_20260918,kcluster,kcluster160_025_40_2,data/kcluster/kcluster160_025_40_2.mat,b30dcec7e5bc55838a1dbe1eada8bd6a29d6706421693c6f51b16e734f402933,
paper_equality_20260918,kcluster,kcluster160_025_40_3,data/kcluster/kcluster160_025_40_3.mat,680112ae539f888bb42d651c129d92d4ad1bf7372d3732b86ca98ca4b5eb0060,
paper_equality_20260918,kcluster,kcluster160_025_40_4,data/kcluster/kcluster160_025_40_4.mat,d9c8d6496d4d7809e6ebb1ab216e0dca3ffe7a240a2066e6761828a0df71d9df,
paper_equality_20260918,kcluster,kcluster160_025_40_5,data/kcluster/kcluster160_025_40_5.mat,ee966c06d3ad6471e00769885458de9814b081a22d7259e24301008bdd530b5c,
paper_equality_20260918,kcluster,kcluster160_025_80_1,data/kcluster/kcluster160_025_80_1.mat,77034ecad92578bfb04c03ddbd01f60e2aa44b7f40914350841381c8c0d9ce2a,
paper_equality_20260918,kcluster,kcluster160_025_80_2,data/kcluster/kcluster160_025_80_2.mat,9c0de88a7df4eed09686b61f7ba35865abb133b6f9dcd819aa61a8fb5f8a19f4,
paper_equality_20260918,kcluster,kcluster160_025_80_3,data/kcluster/kcluster160_025_80_3.mat,ca1fd8ec017c747f0398ecfc9c6095454ee86336ef4747728ed394c605a79956,
paper_equality_20260918,kcluster,kcluster160_025_80_4,data/kcluster/kcluster160_025_80_4.mat,562369cb0ab19e8f566d934a1c71319741201dad568f523497be4721018429a9,
paper_equality_20260918,kcluster,kcluster160_025_80_5,data/kcluster/kcluster160_025_80_5.mat,2d15b579313682b2993b681306051cde157331bd9dc0d66a4917998317142feb,
paper_equality_20260918,kcluster,kcluster160_050_40_1,data/kcluster/kcluster160_050_40_1.mat,1c66ed2abef15453b0d9c2ae601529ed3d19bd20200a8ee345cc06f074af031c,
paper_equality_20260918,kcluster,kcluster160_050_40_2,data/kcluster/kcluster160_050_40_2.mat,52509398010b57938e81a14908f13c7d6ce2cd5a5e82599318378dbd67a2bd80,
paper_equality_20260918,kcluster,kcluster160_050_40_3,data/kcluster/kcluster160_050_40_3.mat,861892ae07e998e9f14b6b7a3720f97d68ff6fb26e464f92c613f689f429eeb4,
paper_equality_20260918,kcluster,kcluster160_050_40_4,data/kcluster/kcluster160_050_40_4.mat,6d714b00e862c488f863cf8c8d3bd487449371b36b6bd8f24add3c60f7d070d3,
paper_equality_20260918,kcluster,kcluster160_050_40_5,data/kcluster/kcluster160_050_40_5.mat,4938e00e2bc4f011be0751d1e83da7a44d515b67552793898a0cb51e0c6c172f,
paper_equality_20260918,kcluster,kcluster160_050_80_1,data/kcluster/kcluster160_050_80_1.mat,33b4f0b4a1493fe7791c4d555fb97edf892f61a57064ffa7939e1cd429a5da44,
paper_equality_20260918,kcluster,kcluster160_050_80_2,data/kcluster/kcluster160_050_80_2.mat,f6f15bcc2a0653c2b446a8e572939121c4440a55b4fb5909219213c84bf4ce31,
paper_equality_20260918,kcluster,kcluster160_050_80_3,data/kcluster/kcluster160_050_80_3.mat,9227e4b1177ac3f598c997953976ab7c3aa27c28c6c08caf9e7843aece9578dd,
paper_equality_20260918,kcluster,kcluster160_050_80_4,data/kcluster/kcluster160_050_80_4.mat,3a5714414fed993cf66ef50a4f6ffd96a45b2c0069740b3d0729f18ccd1b4940,
paper_equality_20260918,kcluster,kcluster160_050_80_5,data/kcluster/kcluster160_050_80_5.mat,c68c19f35d098d09a9b29c4d2eafc66bdbd69f28a030155dd2ba778f5b013776,
paper_equality_20260918,kcluster,kcluster160_075_40_1,data/kcluster/kcluster160_075_40_1.mat,593b16b777d1acb4f16b198b7de9cf5423448763069a2d2d6c986989ca41c1d7,
paper_equality_20260918,kcluster,kcluster160_075_40_2,data/kcluster/kcluster160_075_40_2.mat,857bf4ab0f5a68b6678fad88194d3a57403245f808366043a288c6deb15369f4,
paper_equality_20260918,kcluster,kcluster160_075_40_3,data/kcluster/kcluster160_075_40_3.mat,5f0846742bc7af096da8fa6ae1c1e5c1e10e637808fc00e445ad68e7728f6387,
paper_equality_20260918,kcluster,kcluster160_075_40_4,data/kcluster/kcluster160_075_40_4.mat,d88f3c709bdf45ba37452557c63f1531bcdec6a06eb725725f93c56644199a49,
paper_equality_20260918,kcluster,kcluster160_075_40_5,data/kcluster/kcluster160_075_40_5.mat,3f3e6d3d4ccb33ba8fa4b47293640b57e326792bfe4aa1b236ebd421dbdb2e91,
paper_equality_20260918,kcluster,kcluster160_075_80_1,data/kcluster/kcluster160_075_80_1.mat,93ee34d38baadd7e7e718bebdd17fa4878fd057edd429b40ad25fea54d8eb1ec,
paper_equality_20260918,kcluster,kcluster160_075_80_2,data/kcluster/kcluster160_075_80_2.mat,6f91a950b632b51d7b0a4fb82198989598566b67b13aac65e4edaf6fb413079d,
paper_equality_20260918,kcluster,kcluster160_075_80_3,data/kcluster/kcluster160_075_80_3.mat,cc9a2090c81a6c1bcd0d9740eca0eaa41eb05085de37cb882a50f9b111f335e4,
paper_equality_20260918,kcluster,kcluster160_075_80_4,data/kcluster/kcluster160_075_80_4.mat,ee8b54c7f9c160693dfb479c3402aa215f5f02450ab5ab66a89487cb96e9aa04,
paper_equality_20260918,kcluster,kcluster160_075_80_5,data/kcluster/kcluster160_075_80_5.mat,a6d73444ef3920763dc502b4f76829b05f89a522f498a46bc98f8800bcdd1ed5,
paper_equality_20260918,kcluster,kcluster80_025_20_1,data/kcluster/kcluster80_025_20_1.mat,c62fceff5ba38378ca481f1515f0f783b2952599d744732c1852d9d86aac149c,
paper_equality_20260918,kcluster,kcluster80_025_20_2,data/kcluster/kcluster80_025_20_2.mat,5b309bb731fe810b3481ccb5d13d003cbeea493953eb87c18b56060872ff5f12,
paper_equality_20260918,kcluster,kcluster80_025_20_3,data/kcluster/kcluster80_025_20_3.mat,cf7ce52ad478e0c117e81b2ce92453547ce6686edb9fb51f8305ef2baf166286,
paper_equality_20260918,kcluster,kcluster80_025_20_4,data/kcluster/kcluster80_025_20_4.mat,b9d8cb58dec9575de6c273bac033ed783bdcf29aea45063a77ef13a726620b51,
paper_equality_20260918,kcluster,kcluster80_025_20_5,data/kcluster/kcluster80_025_20_5.mat,1882d63ea2310d82f201847061e083460c0bb9c8f46891610b49fb19bffb6e7b,
paper_equality_20260918,kcluster,kcluster80_025_40_1,data/kcluster/kcluster80_025_40_1.mat,a5f1d25f580773239214288d612b092f33b2edbba47ed3a5f05f252f88ab9a63,
paper_equality_20260918,kcluster,kcluster80_025_40_2,data/kcluster/kcluster80_025_40_2.mat,a96d36b5279abaee2d6ec49f2f72920b9e3845e22487c7e29418a631f21580fe,
paper_equality_20260918,kcluster,kcluster80_025_40_3,data/kcluster/kcluster80_025_40_3.mat,10f21a93662fa6a416a3c0a3a0bd5d11f2283336cb78821e95fcb865ca8ab523,
paper_equality_20260918,kcluster,kcluster80_025_40_4,data/kcluster/kcluster80_025_40_4.mat,dc461c30d3ccc1c8b2aa7fa5e095647e04e94cbd66d07bac353ee7c85db2f19e,
paper_equality_20260918,kcluster,kcluster80_025_40_5,data/kcluster/kcluster80_025_40_5.mat,10b987e04484b3290fb74c5eaf8254d4e54e262bce5c9795e3091405e4f1868d,
paper_equality_20260918,kcluster,kcluster80_050_20_1,data/kcluster/kcluster80_050_20_1.mat,f052bd22d978f82fd9abfa0480c6b0e215e5a6011316a3d86ff16115d1b852e7,
paper_equality_20260918,kcluster,kcluster80_050_20_2,data/kcluster/kcluster80_050_20_2.mat,33217f312d1cc54c519027c27285a7d5aade8cdb1f88e7d1d672487344ad60d0,
paper_equality_20260918,kcluster,kcluster80_050_20_3,data/kcluster/kcluster80_050_20_3.mat,f04eef8373290facf98021ff77ca628862def2e3390642a2fafea31b90d9a394,
paper_equality_20260918,kcluster,kcluster80_050_20_4,data/kcluster/kcluster80_050_20_4.mat,7cfdd2c16294c9940407cf3d029b53ce9836f1c907a85475aa8ef74a3c3b19df,
paper_equality_20260918,kcluster,kcluster80_050_20_5,data/kcluster/kcluster80_050_20_5.mat,7c30794d944879ae1a7c6bb376ebf975e78984bfec224dd433ed0909c15f5c9c,
paper_equality_20260918,kcluster,kcluster80_050_40_1,data/kcluster/kcluster80_050_40_1.mat,739fa6be12734368db7d026df9143e189f1bde33a9bdcb6a15efdd6c828825c0,
paper_equality_20260918,kcluster,kcluster80_050_40_2,data/kcluster/kcluster80_050_40_2.mat,9d47b25032602a75b5fe36055e8542a441b2430835e80b785189f486ffb89ab3,
paper_equality_20260918,kcluster,kcluster80_050_40_3,data/kcluster/kcluster80_050_40_3.mat,3bf1f58ea43cae02edd2baa1d83ec53512f31b43cade2949349d5ec012881fdd,
paper_equality_20260918,kcluster,kcluster80_050_40_4,data/kcluster/kcluster80_050_40_4.mat,2c7fc629b110c80b5861be2cd63d610b48dc039648a7f7ad3cb653f87aae4c1e,
paper_equality_20260918,kcluster,kcluster80_050_40_5,data/kcluster/kcluster80_050_40_5.mat,755be2d74bfd52f37194f23a9066da3cc9ca9c45dd332d0320924680cc718e5d,
paper_equality_20260918,kcluster,kcluster80_075_20_1,data/kcluster/kcluster80_075_20_1.mat,0cd6e5256ea32b44c3a81b1f3e1c931ecb4f76622dfd297c4525a21e1a758a80,
paper_equality_20260918,kcluster,kcluster80_075_20_2,data/kcluster/kcluster80_075_20_2.mat,8b5e29b2882fde4e0f9c29f204e01398ca651b1e19efacafbae3da5a7a35346e,
paper_equality_20260918,kcluster,kcluster80_075_20_3,data/kcluster/kcluster80_075_20_3.mat,71dbddbf3c41cae3fa4151ae485744e82a536943372d2b061e437acff25ca46e,
paper_equality_20260918,kcluster,kcluster80_075_20_4,data/kcluster/kcluster80_075_20_4.mat,34014280b3d9a698cb44bf1442b49fdc6be921ef2b91696870c76ec54bd50a3c,
paper_equality_20260918,kcluster,kcluster80_075_20_5,data/kcluster/kcluster80_075_20_5.mat,193179f66e5d4ee6dafbbc4d8c6e77d49d9442905f2bd6969c2e3dd7b6e5a03b,
paper_equality_20260918,kcluster,kcluster80_075_40_1,data/kcluster/kcluster80_075_40_1.mat,085e7954d990ad993be1e06dbf376a7af4cb124eaa361df6df6163d306624520,
paper_equality_20260918,kcluster,kcluster80_075_40_2,data/kcluster/kcluster80_075_40_2.mat,d8f29a07623ef40d27d7f572e260efa79205ca83c6796a753a225f7a0ca05547,
paper_equality_20260918,kcluster,kcluster80_075_40_3,data/kcluster/kcluster80_075_40_3.mat,b249a819491a29e804963796a04c5218ae5c4b729044d4974dfba7a14af87e0f,
paper_equality_20260918,kcluster,kcluster80_075_40_4,data/kcluster/kcluster80_075_40_4.mat,68928a1726b7060931770fc6c12f379e0f5c8b6ea729c31fedb0eaa2c9467401,
paper_equality_20260918,kcluster,kcluster80_075_40_5,data/kcluster/kcluster80_075_40_5.mat,b7c8a13bd418fc2e9083df1109b83217dcde6a71d7b5e1449cc2f001bd10617b,
paper_equality_20260918,cycle_cover,qcc_ER_1,data/cycle_cover/qcc_ER_1.mat,cb027b36af385bf377c21430666a2ce4322e1bea737ac6aec0a4a0640be3db46,
paper_equality_20260918,cycle_cover,qcc_ER_11,data/cycle_cover/qcc_ER_11.mat,261b3a56de854e4b1d5192eddfd8fedfce3cb932a4e5356c8e437cae5cfd5121,
paper_equality_20260918,cycle_cover,qcc_ER_12,data/cycle_cover/qcc_ER_12.mat,b49c4c3138696572a8a37bf1ef9ff6e7ff90c78e49303e1fdf6468040086fdd6,
paper_equality_20260918,cycle_cover,qcc_ER_13,data/cycle_cover/qcc_ER_13.mat,d99c946935c6f228d23a11e574004504317cdde56ab841cb904d152c07ac5465,
paper_equality_20260918,cycle_cover,qcc_ER_14,data/cycle_cover/qcc_ER_14.mat,f721e78d72581829ef3c145e357cf8f9717933384545e62100d0efeeca902d52,
paper_equality_20260918,cycle_cover,qcc_ER_2,data/cycle_cover/qcc_ER_2.mat,94b3b62c08d4f14a61a50b06480f20b06bcb8c101de25b69be4777e9cc15c6ff,
paper_equality_20260918,cycle_cover,qcc_ER_3,data/cycle_cover/qcc_ER_3.mat,a034fed1080e2f0671d191fa72b5daf08d05cae7679f791f0aadfaece7067f12,
paper_equality_20260918,cycle_cover,qcc_ER_4,data/cycle_cover/qcc_ER_4.mat,9479d25ac7274ed4bc56f2eba99eaa49682d11e8ba26aba0b9d2ba24ce8f29c1,
paper_equality_20260918,cycle_cover,qcc_ER_5,data/cycle_cover/qcc_ER_5.mat,8dc338d31ac60b9b71d2352f75080944e8519a0d255c2b147ff5cd416c96e3f8,
paper_equality_20260918,cycle_cover,qcc_ER_6,data/cycle_cover/qcc_ER_6.mat,b950668247efc335e1130cc82262d1ce131c13f7eb33646e2e5724f3b8bf3014,
paper_equality_20260918,cycle_cover,qcc_ER_7,data/cycle_cover/qcc_ER_7.mat,f98f0060b547fcffed4d94ba1fdbe89755da4a9296e08eabb065c0c4631fadf3,
paper_equality_20260918,cycle_cover,qcc_RER_1,data/cycle_cover/qcc_RER_1.mat,76af958264e50f32cfe408ad6fd66d93c9c94d44cac9c571fdbecc4e0fb5b47d,
paper_equality_20260918,cycle_cover,qcc_RER_11,data/cycle_cover/qcc_RER_11.mat,236b9a752393e1e69240862471f7c97bd81beea8276455978d9f72cc078c52c2,
paper_equality_20260918,cycle_cover,qcc_RER_12,data/cycle_cover/qcc_RER_12.mat,64618aeab0703f837cbd1ae77ee1ae60e9da31aa2a379ef37e0f63111dcf49c7,
paper_equality_20260918,cycle_cover,qcc_RER_13,data/cycle_cover/qcc_RER_13.mat,48ce26a3e1566890ef3e22aa76038954ea26b64004d5f207d53094be864ea2e0,
paper_equality_20260918,cycle_cover,qcc_RER_14,data/cycle_cover/qcc_RER_14.mat,4ff6b6919132aa0aef20f9f9cd2d443f6200900faeefb344eaf5a7f02481f6cf,
paper_equality_20260918,cycle_cover,qcc_RER_2,data/cycle_cover/qcc_RER_2.mat,eca0fe3be6cf5bba08e7e61c2f99123545612c9deed1da764d92b4c6256ad638,
paper_equality_20260918,cycle_cover,qcc_RER_3,data/cycle_cover/qcc_RER_3.mat,bd1023c1f86de0cd68ae608385f07537f4f76c3818b0d7f32db1f9e95b90818c,
paper_equality_20260918,cycle_cover,qcc_RER_4,data/cycle_cover/qcc_RER_4.mat,f96038c6b31b7b7dd073e89fd0378951312b7a4e09b5e231b6077d9052b6f148,
paper_equality_20260918,cycle_cover,qcc_RER_5,data/cycle_cover/qcc_RER_5.mat,4e50271fc4c731687d7ac5687179a617ae4b94e5a92ecb2c41984e95f517de5e,
paper_equality_20260918,cycle_cover,qcc_RER_6,data/cycle_cover/qcc_RER_6.mat,77c026139400d72cc14afb92ad98913d51153ea9d39b79428454144e0656607c,
paper_equality_20260918,cycle_cover,qcc_RER_7,data/cycle_cover/qcc_RER_7.mat,232d8555dfea601543da9588414f2a94dd26de589d3ccbf88036729bbcd17e1d,
paper_equality_20260918,cycle_cover,qcc_RER_8,data/cycle_cover/qcc_RER_8.mat,f8f7fdfc4ab73d564ff0be0ce2e0db4b296f652805f72cda748cc2e5a4d3c47f,
paper_equality_20260918,cycle_cover,qcc_MH_1,data/cycle_cover/qcc_MH_1.mat,93588b5bbff686f7ad403cceadeaf5bd0d5b1cfa68cbcb22c937d2ba451e83be,
paper_equality_20260918,cycle_cover,qcc_MH_10,data/cycle_cover/qcc_MH_10.mat,21621eee9133deceecb6e5ab5886baa68bd0f922b383d767958a0347ee2ceb44,
paper_equality_20260918,cycle_cover,qcc_MH_11,data/cycle_cover/qcc_MH_11.mat,ccb5b06bc70ed67f59b42bb023dadfdcfc9653b642ded90b6e84f0be3b61d855,
paper_equality_20260918,cycle_cover,qcc_MH_12,data/cycle_cover/qcc_MH_12.mat,b5398d024a8d2abd2cdece7dae8879b3ef764f34c750bfde62dff38f421422aa,
paper_equality_20260918,cycle_cover,qcc_MH_13,data/cycle_cover/qcc_MH_13.mat,2f4b615e7c1218a028cd9651b61ec8c696173fbe8e40037706e91dc1656e2f71,
paper_equality_20260918,cycle_cover,qcc_MH_14,data/cycle_cover/qcc_MH_14.mat,a94797502a348eeda5935899b3cdc0396c0add985962d67b066f0579b124c6bf,
paper_equality_20260918,cycle_cover,qcc_MH_15,data/cycle_cover/qcc_MH_15.mat,1b2bc36d80deb5b41d3a726e92ce7fc0e2478de40eea86c3727f0f4080663d9e,
paper_equality_20260918,cycle_cover,qcc_MH_16,data/cycle_cover/qcc_MH_16.mat,4bab9d8342445e16b2bb6c0a6b1dfd10b7fb376939b393fb5923b08364cdc97b,
paper_equality_20260918,cycle_cover,qcc_MH_17,data/cycle_cover/qcc_MH_17.mat,5227697c3f4229822eb44681f3fc7ea976db92cd9d950bb1eead74112c98c8e1,
paper_equality_20260918,cycle_cover,qcc_MH_18,data/cycle_cover/qcc_MH_18.mat,700f88ae2a72756b6ea9a0e39a5a4259aef4815889fa83b632835eac5918fc49,
paper_equality_20260918,cycle_cover,qcc_MH_19,data/cycle_cover/qcc_MH_19.mat,08a9b0136d47301f6996778e052222efae1730506cb6fadcfed4a062a03564aa,
paper_equality_20260918,cycle_cover,qcc_MH_2,data/cycle_cover/qcc_MH_2.mat,10f2eea43a05202568d41459bcd72b499dad8b2e17db260babe943e8f9505d8a,
paper_equality_20260918,cycle_cover,qcc_MH_20,data/cycle_cover/qcc_MH_20.mat,eeb73740afde402d9e84c0e33cbd0b65d2836cbd86c0a00ae4be4f61cda42303,
paper_equality_20260918,cycle_cover,qcc_MH_3,data/cycle_cover/qcc_MH_3.mat,ffea3d2a399499c9c84d17f7580ce5a8cc2d73edbcbb7d85f8679f82316ebb06,
paper_equality_20260918,cycle_cover,qcc_MH_4,data/cycle_cover/qcc_MH_4.mat,c75026abb6683fbcec73c81d56aac5179bb6275558a8ad0d0e4dab8239d644e6,
paper_equality_20260918,cycle_cover,qcc_MH_5,data/cycle_cover/qcc_MH_5.mat,9ece247be7e4472d306753b9c05129c770e66a7b48fc1e216ca0ec23563b224f,
paper_equality_20260918,cycle_cover,qcc_MH_6,data/cycle_cover/qcc_MH_6.mat,142874aaf16afd733a426dae3f890e49d06e0036e2599784bc54b0e14b6ee769,
paper_equality_20260918,cycle_cover,qcc_MH_7,data/cycle_cover/qcc_MH_7.mat,76290697a494cbc2d0d916338b7b3044672cb7d320fb600f1d9d5e798f40e22c,
paper_equality_20260918,cycle_cover,qcc_MH_8,data/cycle_cover/qcc_MH_8.mat,bbcd6eddcf9ee66bf86ae16509fc19b765717612ba0538851de2abb04746825d,
paper_equality_20260918,cycle_cover,qcc_REL_1,data/cycle_cover/qcc_REL_1.mat,d2929d75ae323455a5cabdba6d649a5a8e1c140cd0a9e7bc19eaece887435608,
paper_equality_20260918,cycle_cover,qcc_REL_10,data/cycle_cover/qcc_REL_10.mat,f67fdc819e3ca1eadc7be4091120f19671a2b9f4f8744e3839a1d9a0f9d4b27b,
paper_equality_20260918,cycle_cover,qcc_REL_11,data/cycle_cover/qcc_REL_11.mat,8134904c79e54643e0f36153f9d22122e16fa4bde377b05f78e57014d60cd919,
paper_equality_20260918,cycle_cover,qcc_REL_12,data/cycle_cover/qcc_REL_12.mat,9464a8f0a8e996d7f436b31cc37943350d6d5eeebb7fad6bc6034686a3497b06,
paper_equality_20260918,cycle_cover,qcc_REL_13,data/cycle_cover/qcc_REL_13.mat,e3fc19ecfb5303b2130dfcba82409bc51220b2ef5a26ced84ebb8d83c11e8755,
paper_equality_20260918,cycle_cover,qcc_REL_14,data/cycle_cover/qcc_REL_14.mat,d89673bc2e986e7d9f8b64fda1511476bdf5c0952db15ed5cf81f9dc7f067eb5,
paper_equality_20260918,cycle_cover,qcc_REL_15,data/cycle_cover/qcc_REL_15.mat,edc9d21dbb8fc6882b47392e69e462e1ba38ac3acd26e8cf6fd2f3ebc3f09ec6,
paper_equality_20260918,cycle_cover,qcc_REL_16,data/cycle_cover/qcc_REL_16.mat,ff3446e6f7c53253d29bfde1b99bf7214b546c5fd09895c126bd0ae6d1531117,
paper_equality_20260918,cycle_cover,qcc_REL_17,data/cycle_cover/qcc_REL_17.mat,77d73d9720322956002250fff398f95f4e92ed82e42cd84da73fdcf2112083f0,
paper_equality_20260918,cycle_cover,qcc_REL_18,data/cycle_cover/qcc_REL_18.mat,dd604fba1a430560e18f3f02efb7d0404e47e20825b65beb8e48fae509ca2816,
paper_equality_20260918,cycle_cover,qcc_REL_19,data/cycle_cover/qcc_REL_19.mat,df0a7ff86770545f6e3723935f9c9ca79c78c73248733b65c20fade581aa3a95,
paper_equality_20260918,cycle_cover,qcc_REL_2,data/cycle_cover/qcc_REL_2.mat,3fa20e1264bd9ac1d1f749c85b2c692f7f0d7e4a612929b11d11ab065130d2c0,
paper_equality_20260918,cycle_cover,qcc_REL_20,data/cycle_cover/qcc_REL_20.mat,e78bc74690c14c8b8c5441b7edfed1527fe7de704c16ce2672b2e3a58c6bd6a9,
paper_equality_20260918,cycle_cover,qcc_REL_21,data/cycle_cover/qcc_REL_21.mat,94c3bb50413b51d74a9b6c142bf298534ad5ec66e87da6d95c4ccc3700062d46,
paper_equality_20260918,cycle_cover,qcc_REL_22,data/cycle_cover/qcc_REL_22.mat,b0aa061ebcc5d25c69631419bd3015d96616cd2bb18a1f4b7d0db365013079d7,
paper_equality_20260918,cycle_cover,qcc_REL_23,data/cycle_cover/qcc_REL_23.mat,dc7e4bf1c696aab4ad5e58dda95c0c13495c318ef56c8c46c49acf85618ad530,
paper_equality_20260918,cycle_cover,qcc_REL_24,data/cycle_cover/qcc_REL_24.mat,c3cc49f386936481e08985b627dc725d4f8fe731f1cef050b01a3ff1d0f7b40a,
paper_equality_20260918,cycle_cover,qcc_REL_25,data/cycle_cover/qcc_REL_25.mat,1bb674f61e343a7c51f2a70ff422e4f516b1b1fcecf31b061be5712a8130790b,
paper_equality_20260918,cycle_cover,qcc_REL_26,data/cycle_cover/qcc_REL_26.mat,13f54fbb87d485912a8564ef920ff1c25b1b3d1d32ba4d763daae43b5d3b8d81,
paper_equality_20260918,cycle_cover,qcc_REL_27,data/cycle_cover/qcc_REL_27.mat,c500f1a0ee993e7dbbb86969f50ec905b3806215f660b8c4ce00d1fb457b2a4e,
paper_equality_20260918,cycle_cover,qcc_REL_28,data/cycle_cover/qcc_REL_28.mat,4bbffc6028ed8c4d02bd25c2a0a5f0c66580f8b9b942492dd714a75f1362c9e6,
paper_equality_20260918,cycle_cover,qcc_REL_29,data/cycle_cover/qcc_REL_29.mat,fe551387fb34d2eb35f81644d52fe242938052001565ea6203f1ec56b81d44dc,
paper_equality_20260918,cycle_cover,qcc_REL_3,data/cycle_cover/qcc_REL_3.mat,556ee5107341143b7c0d88fdd58681d360673b648de8138eb420b4a002508004,
paper_equality_20260918,cycle_cover,qcc_REL_30,data/cycle_cover/qcc_REL_30.mat,2ccf75e67af58623ab104f76ef011433199bbdeaa645cdccb86fe1e72c7aa1b4,
paper_equality_20260918,cycle_cover,qcc_REL_31,data/cycle_cover/qcc_REL_31.mat,ac5c119786433eb52c5800ae5c9e7e917e34eb8d8acf4372ab75c5f5d31eda2b,
paper_equality_20260918,cycle_cover,qcc_REL_32,data/cycle_cover/qcc_REL_32.mat,771bd9d639c06a86eb2e2961c5ee1fa22d2dfab9894ce39764c7454f7368f10c,
paper_equality_20260918,cycle_cover,qcc_REL_33,data/cycle_cover/qcc_REL_33.mat,41f528d44779def85645cab5b32e5127ba2581d2c8984204d4117fe9b167ed3a,
paper_equality_20260918,cycle_cover,qcc_REL_34,data/cycle_cover/qcc_REL_34.mat,2506bdc5c86f05a67269a6335ad87e3244d197a237d883395bcbb50927ab4d46,
paper_equality_20260918,cycle_cover,qcc_REL_35,data/cycle_cover/qcc_REL_35.mat,6aacb248ccbe366ed20f7a77178b770dfc5fc289218b09a3b2e4ba61f1d47257,
paper_equality_20260918,cycle_cover,qcc_REL_36,data/cycle_cover/qcc_REL_36.mat,a3cf3873dcfd5e06430ddeb4ee86fc33557e594ea1dbcccca58b97cc9750739f,
paper_equality_20260918,cycle_cover,qcc_REL_37,data/cycle_cover/qcc_REL_37.mat,d8af85171b57de75ae13c0e33f88982805a4220f6ad74626840f667546c6062d,
paper_equality_20260918,cycle_cover,qcc_REL_38,data/cycle_cover/qcc_REL_38.mat,51d105e6fcff78bf91effe86ea3bd7248d2f474e9c777995c73cec5b6e8b33a6,
paper_equality_20260918,cycle_cover,qcc_REL_39,data/cycle_cover/qcc_REL_39.mat,5d5e12231d50494394e673f62bec25a638dd7c63047218425953dc0ef00695f9,
paper_equality_20260918,cycle_cover,qcc_REL_4,data/cycle_cover/qcc_REL_4.mat,54c9c17605490f8dd72539d423a7cc874e5c5f3ea30cad9dca541ef5a10ee940,
paper_equality_20260918,cycle_cover,qcc_REL_40,data/cycle_cover/qcc_REL_40.mat,c40250a3f62461ff4bb4170c8d38c299f5d9fbc2f61085a213ba4ad59e56ef19,
paper_equality_20260918,cycle_cover,qcc_REL_41,data/cycle_cover/qcc_REL_41.mat,cb6dba71f993753733df2142d5455fe6bc341d800ea5104e162ecceaeb1806a7,
paper_equality_20260918,cycle_cover,qcc_REL_42,data/cycle_cover/qcc_REL_42.mat,77d2e7be45cb2ee87a3eb5422f8c9762d872356a486b4646ee58a9edd938ecb0,
paper_equality_20260918,cycle_cover,qcc_REL_43,data/cycle_cover/qcc_REL_43.mat,0bf1888bb93a78672d933159644116e74522322e7e478594abc3732d44f2d1df,
paper_equality_20260918,cycle_cover,qcc_REL_44,data/cycle_cover/qcc_REL_44.mat,04d457a75edc6a1147bce6dc78afc44eef8036f26a625fcf97218675e4c22cfb,
paper_equality_20260918,cycle_cover,qcc_REL_45,data/cycle_cover/qcc_REL_45.mat,fb1bcfbf669bb4dbcd6643c8f0ffb7dc88aaa17253b771bd64a42e30baab39f4,
paper_equality_20260918,cycle_cover,qcc_REL_46,data/cycle_cover/qcc_REL_46.mat,ac0aa70f2e6c0516678825da8595520926885bd3407014b162f55c0ade5f58df,
paper_equality_20260918,cycle_cover,qcc_REL_47,data/cycle_cover/qcc_REL_47.mat,a3dced809fdbf69610bde24191a83cab87651c301d26d6db7f90809685c2ede1,
paper_equality_20260918,cycle_cover,qcc_REL_48,data/cycle_cover/qcc_REL_48.mat,321a8cc7c11c0c38fb0ada2a15b6d2adbf281e081a365c01268ea292996211d3,
paper_equality_20260918,cycle_cover,qcc_REL_49,data/cycle_cover/qcc_REL_49.mat,d97128351456e56a301e93f53f2d42fda70dbc48aa668a898f6148ee247d9269,
paper_equality_20260918,cycle_cover,qcc_REL_5,data/cycle_cover/qcc_REL_5.mat,9456573e9a61938ce1bdc9eb387d780adf20ebbfb4958c1785d4d9d22e8ffee1,
paper_equality_20260918,cycle_cover,qcc_REL_50,data/cycle_cover/qcc_REL_50.mat,20f4bf9b82574efbf86aacea8133c508d2968d79ec7e39171d9b211362f63487,
paper_equality_20260918,cycle_cover,qcc_REL_51,data/cycle_cover/qcc_REL_51.mat,453c65f841f907f90243435cc01b4de22d8b9bc986f89dfc878bfb25cbbce5f5,
paper_equality_20260918,cycle_cover,qcc_REL_52,data/cycle_cover/qcc_REL_52.mat,c8935e0c1d98fecce58d0dae647903945f7ef7193a2e5b366d66664edbe9a993,
paper_equality_20260918,cycle_cover,qcc_REL_53,data/cycle_cover/qcc_REL_53.mat,b4e8e4f769d3f83666a5458b42023c87ca5d39a8c7ecc6d5619cf879c606c0cc,
paper_equality_20260918,cycle_cover,qcc_REL_54,data/cycle_cover/qcc_REL_54.mat,4b31c7801dab0f0edd0ad453d7c696da17906bbf7adffbedfa0dba6279329376,
paper_equality_20260918,cycle_cover,qcc_REL_55,data/cycle_cover/qcc_REL_55.mat,0d748b31784eac5f5a12f25048daa276b498e36cc8452402e67d37b57b3c3102,
paper_equality_20260918,cycle_cover,qcc_REL_56,data/cycle_cover/qcc_REL_56.mat,b6b014fe8a25404bb371ad3624e438cf96bd82a52bc0eef61ef23bb61097c53e,
paper_equality_20260918,cycle_cover,qcc_REL_57,data/cycle_cover/qcc_REL_57.mat,7c08739b01cf3aeb232bd423ecca3988924c44300117edb0747045bf4f1ad6c6,
paper_equality_20260918,cycle_cover,qcc_REL_58,data/cycle_cover/qcc_REL_58.mat,45de504c9d6a430def66b0b6f898e146febcb3a78d4153ad6930d0479f61ff64,
paper_equality_20260918,cycle_cover,qcc_REL_59,data/cycle_cover/qcc_REL_59.mat,41ef0d70a57ffe38194726b50a12624e482483867d7c9b253722166129e1326c,
paper_equality_20260918,cycle_cover,qcc_REL_6,data/cycle_cover/qcc_REL_6.mat,231ce06a60349af6df224cb874898f52941b21417eddd883c8bd5e5b6cd413e8,
paper_equality_20260918,cycle_cover,qcc_REL_60,data/cycle_cover/qcc_REL_60.mat,93758c0cbe12b0a248a55e78a854f0effae14abf3d7943ddae6fa19a7197668d,
paper_equality_20260918,cycle_cover,qcc_REL_7,data/cycle_cover/qcc_REL_7.mat,9f97d4f62aa9df0ea8eaad5a7338f1d19a924ae57f4a91ec8f7073a0fe1c19e8,
paper_equality_20260918,cycle_cover,qcc_REL_8,data/cycle_cover/qcc_REL_8.mat,c92a32e7c221ee44518d56d6dc46fd63d095cacc96bae474ccb4a0d273dffb03,
paper_equality_20260918,cycle_cover,qcc_REL_9,data/cycle_cover/qcc_REL_9.mat,2e5c50ac3c5e773eb85549938923e6a97147a67dc6fa4a35c4e68e30136d83c0,
paper_equality_20260918,semi_assignment,qsap_10_3,data/semi_assignment/qsap_10_3.mat,d20ea92eb6d6c7482622bbdcb231acab2d799799b57798debcef90c47cfa3bb7,
paper_equality_20260918,semi_assignment,qsap_12_3,data/semi_assignment/qsap_12_3.mat,93e84861ce92121ad7a654e8999fea52fc787cfcd84e36d8d634708ed0d211f1,
paper_equality_20260918,semi_assignment,qsap_12_4,data/semi_assignment/qsap_12_4.mat,713c30b7328a64ce445ccd429b030d71544e324e67004fb7c1821c4d7739a9d2,
paper_equality_20260918,semi_assignment,qsap_15_2,data/semi_assignment/qsap_15_2.mat,a9b29f65955e20d347e87d91ac7f4b2e1eff60ba30bfbe1301269c3714f288a0,
paper_equality_20260918,semi_assignment,qsap_15_3,data/semi_assignment/qsap_15_3.mat,2a7cebeb4ef20a20ed87d1d4f2c0774757d74954b6ce1d62ffa1464b2e04892b,
paper_equality_20260918,semi_assignment,qsap_15_4,data/semi_assignment/qsap_15_4.mat,8fbfd7d43d5d48416a4c7d2231e2b616677ce6703b6cdef800eed5369d7d8e15,
paper_equality_20260918,semi_assignment,qsap_15_5,data/semi_assignment/qsap_15_5.mat,97a03428cd5b6a7dd954968bed5a1cda8ff46777fdc5e5b5bc45cf6deef8ec2d,
paper_equality_20260918,semi_assignment,qsap_18_3,data/semi_assignment/qsap_18_3.mat,b3092e082377b3ee553fe995b514b37b032c37a582d173812ce6b07dfb2f3254,
paper_equality_20260918,semi_assignment,qsap_18_4,data/semi_assignment/qsap_18_4.mat,c63d21d074068a5116a564b7adec46542d66748da77f611b2b667a60d66a3fc6,
paper_equality_20260918,semi_assignment,qsap_18_5,data/semi_assignment/qsap_18_5.mat,142d4845754ef6feef71aa695f17f93f0c32cab30ea3e4aae9dee419c7334142,
paper_equality_20260918,semi_assignment,qsap_18_6,data/semi_assignment/qsap_18_6.mat,54bb22eaac3f47e3ad5957248dbe71063d2a4b7257cf4269dbd89518e3ea9d04,
paper_equality_20260918,semi_assignment,qsap_20_3,data/semi_assignment/qsap_20_3.mat,a2f2e6a38bf102e8ec016bb88613b1ac73ed7143045fb02739a90c19abf4fdea,
paper_equality_20260918,semi_assignment,qsap_20_4,data/semi_assignment/qsap_20_4.mat,b74c6e13fbad2f7016d7db5900a1c716863f860dc56253a1910ee4cdae7fb980,
paper_equality_20260918,semi_assignment,qsap_20_5,data/semi_assignment/qsap_20_5.mat,d8791e52f490dbd8cf16800e28f85f47ba1ed20dc515ca9f9ac0c0229d2b8ed2,
paper_equality_20260918,semi_assignment,qsap_20_6,data/semi_assignment/qsap_20_6.mat,cfebe8cb9ecef7c9d70551ccda69583ff362ee77d953277031eb538e655be2ab,
paper_equality_20260918,semi_assignment,qsap_25_4,data/semi_assignment/qsap_25_4.mat,0959fb0386d7916b239c55dad2eccc34593483e6c05f2cabf7f37e3832083acf,
paper_equality_20260918,semi_assignment,qsap_25_5,data/semi_assignment/qsap_25_5.mat,fc308e8979485e287c4ada0d733a8a53397083132edfcf4455bbfae825d949d2,
paper_equality_20260918,semi_assignment,qsap_25_6,data/semi_assignment/qsap_25_6.mat,87fc643ebc9fe44029c37e5ea6a87641d74d9c3d0917e0a09d58654c33372516,
paper_equality_20260918,semi_assignment,qsap_25_7,data/semi_assignment/qsap_25_7.mat,db4607d85da6b98849992453113f25119b532b0ddec26aeb1b11194aae81ebc8,
paper_equality_20260918,semi_assignment,qsap_30_4,data/semi_assignment/qsap_30_4.mat,b4431ca5e2c2f20c080ba4c891df0e818ee25aa3f9e57cb57a0371028b56893f,
paper_equality_20260918,semi_assignment,qsap_30_5,data/semi_assignment/qsap_30_5.mat,60fe830f5ca497b303972fe3a72be2f8d842d7dd86924df5e991f36ff7c0ae80,
paper_equality_20260918,semi_assignment,qsap_30_6,data/semi_assignment/qsap_30_6.mat,6b1ddc2f94fb129af83dec00e66f50d7008f81be4a33fe3cbc52c06e739d1e35,
paper_equality_20260918,semi_assignment,qsap_30_7,data/semi_assignment/qsap_30_7.mat,0a6085aa187ddd16aca0398ce48c3c1171869ee09c56ab5361459c402cf4c0b6,
paper_equality_20260918,semi_assignment,qsap_30_8,data/semi_assignment/qsap_30_8.mat,c48ed08f80c12205e631914168dc35c1431fe5aa73dd4bcf9b3defcb9d9e2120,
paper_equality_20260918,semi_assignment,qsap_35_4,data/semi_assignment/qsap_35_4.mat,4c723fb04ad00675354a9d2c0e3e18ff7956122cf7dce90857f096d04fb79ecd,
paper_equality_20260918,semi_assignment,qsap_35_5,data/semi_assignment/qsap_35_5.mat,d9352a9be95492ba0b731895fa86c5e97bbbe7fb6ca64316d81074dac3bfdbf4,
paper_equality_20260918,semi_assignment,qsap_35_6,data/semi_assignment/qsap_35_6.mat,b895680c8cd9416bd8c2979ca209bcbe82669e0ed118131e04badc38d6d84de2,
paper_equality_20260918,semi_assignment,qsap_35_7,data/semi_assignment/qsap_35_7.mat,f1bb989fb10ae365c8e90ee55226167f14afdc0753e9ede3cc3c8d382a29a709,
paper_equality_20260918,semi_assignment,qsap_35_8,data/semi_assignment/qsap_35_8.mat,f5dd06a4700107ff62bfcf32aa71dc86d0620b76685d1a368733cd94ed23d328,
paper_equality_20260918,semi_assignment,qsap_5_3,data/semi_assignment/qsap_5_3.mat,5516a8802e45d354928fc1883ff729f640c5d67a5e50a62eb5a5829fb9ab9d21,
paper_equality_20260918,partition,anna_k3,data/partition/anna_k3.mat,c530dc1b5e51972abf68c9827cedc9ab01c336fb95811b7fd26e3d15b7df67c6,
paper_equality_20260918,partition,anna_k4,data/partition/anna_k4.mat,97ae8cfa6a31d780a6a294f25ea9699fe6ee1c69c06477169133c4dfdfb68a77,
paper_equality_20260918,partition,david_k3,data/partition/david_k3.mat,2742602afc18c935bb2757c2b777642af895b854e89e8c74d441f55531d8ccb2,
paper_equality_20260918,partition,david_k4,data/partition/david_k4.mat,50ea326c27ae274780bad3f437be0a3325995c0a14fb1fd419af975768dc8abf,
paper_equality_20260918,partition,games120_k3,data/partition/games120_k3.mat,730df44c2963c4f98e473113f097491ab8520deaeb07ac37d75fbd3ba2cd3f4d,
paper_equality_20260918,partition,games120_k4,data/partition/games120_k4.mat,8d4063c2d77e88de677709de652df299fd4d8d6cd1a8c74778f35fe7e3ad095f,
paper_equality_20260918,partition,huck_k3,data/partition/huck_k3.mat,d21370f057d277dd6b0463c09851733f99c3eb5dbe23dc87276001e26dc6f11a,
paper_equality_20260918,partition,huck_k4,data/partition/huck_k4.mat,7fd45d321dc2592c989c420c46502389fa37fd0559b38a8b85ad9a504ade1a85,
paper_equality_20260918,partition,jean_k3,data/partition/jean_k3.mat,fe6eade0a2ba34c9cf1f7ca27c5095f9d7f4f119279441e5936c7b1c50df6b51,
paper_equality_20260918,partition,jean_k4,data/partition/jean_k4.mat,d03faae72cab4b808fe22210b285408aaf4bdafcc4d0575088a132d88bc505da,
paper_equality_20260918,partition,miles1000_k3,data/partition/miles1000_k3.mat,97df87d8873682ff8f399c2d97d0a5f45a6ec5c06f622ce6ac6339085483cca0,
paper_equality_20260918,partition,miles1000_k4,data/partition/miles1000_k4.mat,7308273980ae4fd01866243fdacd7ccf06e739ed89629cf4b70778d04c707cc7,
paper_equality_20260918,partition,miles1500_k3,data/partition/miles1500_k3.mat,fa3fbb2822a878af85f865f604a8c04358dc6bc045ed1497e390216af7e33ac6,
paper_equality_20260918,partition,miles1500_k4,data/partition/miles1500_k4.mat,ea0fe2eeec6354c21a325ec9af86df3bd9e37ae9c903ff2c6fc5cc12a2aecfdc,
paper_equality_20260918,partition,miles250_k3,data/partition/miles250_k3.mat,72700c8fe2bd2a9f3102df9a334a35208b53c6efdac51334c3dc0f8d795adfdd,
paper_equality_20260918,partition,miles250_k4,data/partition/miles250_k4.mat,47d18c8ae10d812134a0dd7e3348f37a7ddd27a2527eca03bc223b093d08e3e4,
paper_equality_20260918,partition,miles500_k3,data/partition/miles500_k3.mat,95ce025d57b181a2a55fed5e0ed423009f1f36923691d46a6cde951a87b6a260,
paper_equality_20260918,partition,miles500_k4,data/partition/miles500_k4.mat,ed0e661df77c7332c20db99852631d99a883c5fbea8e67ce61618ba3f54e0cc1,
paper_equality_20260918,partition,miles750_k3,data/partition/miles750_k3.mat,0439e5510dcd1513cce4aba81fb00f2a13a1d76cf050107712f62a0fca8db2c6,
paper_equality_20260918,partition,miles750_k4,data/partition/miles750_k4.mat,d880267ae73ceb580e836c5989d60ea680a45147b3862b2b1d655fa78964cff2,
paper_equality_20260918,partition,mulsol.i.1_k3,data/partition/mulsol.i.1_k3.mat,7b2980020562c42f20169b17adedcc00ae2f9c90a9ce4f12a6d3ed6c321a03ba,
paper_equality_20260918,partition,mulsol.i.1_k4,data/partition/mulsol.i.1_k4.mat,21d3758bfbd46fd7f5360417677bbf309ac6011d94f34b50654add21c3a6249c,
paper_equality_20260918,partition,mulsol.i.2_k3,data/partition/mulsol.i.2_k3.mat,8dc178d69b3fd2b7ef4c2b9a42b45ff875184f2b7784dc50c923ed155aaf4528,
paper_equality_20260918,partition,mulsol.i.2_k4,data/partition/mulsol.i.2_k4.mat,3257964ccf35a287699048839e6933877b441f0cffca06eec901b1c2594213e1,
paper_equality_20260918,partition,mulsol.i.3_k3,data/partition/mulsol.i.3_k3.mat,7eeb6ab4d2d4a78fe9b0a9c28011135ab0e015b3be1deea65fb54f98eb8ea510,
paper_equality_20260918,partition,mulsol.i.3_k4,data/partition/mulsol.i.3_k4.mat,e1c76757d2c1fde39705fe1ff0d1155d458aae4804dc9850653a3af03fc94215,
paper_equality_20260918,partition,mulsol.i.4_k3,data/partition/mulsol.i.4_k3.mat,09d9cccf69b6b0dcd8af6f8ddddadf6a896670d8c67beb389edc3e2741647d63,
paper_equality_20260918,partition,mulsol.i.4_k4,data/partition/mulsol.i.4_k4.mat,2af1cd0921643fff61b0e89a76a8cb4c9b1c36209a4c0326b5c1cf0ad89105b8,
paper_equality_20260918,partition,mulsol.i.5_k3,data/partition/mulsol.i.5_k3.mat,fb0719a5ca3874ede42f3c1ac10d3f05e8178d3c7fc15f03dc507661f42f2990,
paper_equality_20260918,partition,mulsol.i.5_k4,data/partition/mulsol.i.5_k4.mat,c51895f192313a7a68654116764920321baa212359f57ed3a6ee54991d3a7f32,
paper_equality_20260918,partition,myciel3_k3,data/partition/myciel3_k3.mat,124603c3accf78bfd6ba67438c7340534107bacdb67421f3af7424c26cc0e1be,
paper_equality_20260918,partition,myciel3_k4,data/partition/myciel3_k4.mat,a6d8d460b9208adddfe8538766583d4930bb194a0d7253db8b5e748a1ae70148,
paper_equality_20260918,partition,myciel4_k3,data/partition/myciel4_k3.mat,caba85425456db5cbfb378c01d548e085e75105d97d04095b4dcd09aa0bc402e,
paper_equality_20260918,partition,myciel4_k4,data/partition/myciel4_k4.mat,ac279a05528c8003d758378b26b7b5431ff3badc8ea12b1690adff4080386df1,
paper_equality_20260918,partition,myciel5_k3,data/partition/myciel5_k3.mat,abdaf6280b2c4c638983b063380d2b2e76b3979cbb06e9a9ce95516667b51aaa,
paper_equality_20260918,partition,myciel5_k4,data/partition/myciel5_k4.mat,dc4dadd354f7c283ca32bc9c690a911f96b8496a6dae3b31ec54628ca8885313,
paper_equality_20260918,partition,myciel6_k3,data/partition/myciel6_k3.mat,59269306c4240f10e6211d314aaa2e6242cdbea9d566a3315b198785d0b6f04b,
paper_equality_20260918,partition,myciel6_k4,data/partition/myciel6_k4.mat,1c5f89cb7074af4d77366b953860c6f0483a27c01c0e9a232a29b622910a5e38,
paper_equality_20260918,partition,myciel7_k3,data/partition/myciel7_k3.mat,36df2eeed8755419dfc646f77add52ece5d1931ec154cd1ec8de1f0a5f40d73d,
paper_equality_20260918,partition,myciel7_k4,data/partition/myciel7_k4.mat,32c7497858d4339f7ff834e650fc68140cc9e3970de6847cfc439fbfe446b7c1,
paper_equality_20260918,partition,queen10_10_k3,data/partition/queen10_10_k3.mat,d8a5026a32422a55fd759f11b7f30478036ac819cddce237c03770951c9960af,
paper_equality_20260918,partition,queen10_10_k4,data/partition/queen10_10_k4.mat,d0777a44b49a686849f6e0b4775d29b6829632202914f521104efa287e465f26,
paper_equality_20260918,partition,queen11_11_k3,data/partition/queen11_11_k3.mat,f7c896e1e3c43b5c3d2cf0a3e0ee54a4a41e28e3c0a2725d81d42f7d82f788d1,
paper_equality_20260918,partition,queen11_11_k4,data/partition/queen11_11_k4.mat,df9946315b164cf409d6388cd56a93218db8664f75cc687f64ef39c2ed313993,
paper_equality_20260918,partition,queen12_12_k3,data/partition/queen12_12_k3.mat,3a8b6c5f5612ec20a62fb8372a22551421e17772b0ecdb9266b3127a44e4a266,
paper_equality_20260918,partition,queen12_12_k4,data/partition/queen12_12_k4.mat,23ab1a50856716d694ffc00903a52bf6dc9ace298ab81fd315c29aa9e2a1345f,
paper_equality_20260918,partition,queen13_13_k3,data/partition/queen13_13_k3.mat,d057494670967e91be915071d8a1c55e001dbdb159d1ae1651c40b2849950b7d,
paper_equality_20260918,partition,queen13_13_k4,data/partition/queen13_13_k4.mat,c045f5727ea1e6f15e598e90cb0f7d06b43fcefbfc861d0cadbd67c91f7fbf88,
paper_equality_20260918,partition,queen14_14_k3,data/partition/queen14_14_k3.mat,da8ab76ac5433efbb064398b3a1e8f758b3da719cb0521b789165cb598b2dfb4,
paper_equality_20260918,partition,queen14_14_k4,data/partition/queen14_14_k4.mat,b30245ad29d12191ffced0c19275cd9a8dd7768fce770bf20345f596091e3065,
paper_equality_20260918,partition,queen15_15_k3,data/partition/queen15_15_k3.mat,68fcbd3931fcde838c0c6b020273c992623b43102cc7301daa918c288a5e0d0c,
paper_equality_20260918,partition,queen15_15_k4,data/partition/queen15_15_k4.mat,99783bf3d614f37f627ce6d0626b34d937e19e420663385d982ec869be8bd533,
paper_equality_20260918,partition,queen16_16_k3,data/partition/queen16_16_k3.mat,c45af0602e3bc7a26e04f115c9f972c5748b4ef626610fabd7524f15cda4ad7d,
paper_equality_20260918,partition,queen16_16_k4,data/partition/queen16_16_k4.mat,b981bd940d6468c2a5e4424b00736982deca20366bca6199b6cad863aa5a4ba4,
paper_equality_20260918,partition,queen5_5_k3,data/partition/queen5_5_k3.mat,722e489243e8062bb8771b378e1dd6cac43848f7997273d64fa948590d0c1a24,
paper_equality_20260918,partition,queen5_5_k4,data/partition/queen5_5_k4.mat,7616769e98682f1b187a32fa296cb2bf7b6e0f35af9777268762b52dd4c9386b,
paper_equality_20260918,partition,queen6_6_k3,data/partition/queen6_6_k3.mat,62dc3ebb5569ef9d1dfd5c3ed5f67b310a6151c962b6af539da92b533a9cbf17,
paper_equality_20260918,partition,queen6_6_k4,data/partition/queen6_6_k4.mat,ae377ae5e958acd6d94ffff2a66ea506cf67399c60773e82e35237c51d3845a8,
paper_equality_20260918,partition,queen7_7_k3,data/partition/queen7_7_k3.mat,2ff08dcd8727b9d745ce38027ffd57e4dc32fa82c9c722bd1f7c9e5c82eae94b,
paper_equality_20260918,partition,queen7_7_k4,data/partition/queen7_7_k4.mat,1f161719cd7951469dcdd8f6c59f07fa46407d2307ee6aae67aa97ee373ba439,
paper_equality_20260918,partition,queen8_12_k3,data/partition/queen8_12_k3.mat,bf3b25e3da56d38bd77f3cc16f14a5e54e662a63afa00de281c068b35327a018,
paper_equality_20260918,partition,queen8_12_k4,data/partition/queen8_12_k4.mat,c4915d92af0630b370576ef9dab835e109fbaa56ae505a3d361136f67112ba2f,
paper_equality_20260918,partition,queen8_8_k3,data/partition/queen8_8_k3.mat,15291fd0f28f790b1179fd5fd71b7854ef4020ab4979a7039e98755764c52303,
paper_equality_20260918,partition,queen8_8_k4,data/partition/queen8_8_k4.mat,7892f5a3bca4aa316863c1e79e93c45c78e9142d1dd3917f4f4eee5a3b64567d,
paper_equality_20260918,partition,queen9_9_k3,data/partition/queen9_9_k3.mat,c5f373c8c7386ece61e4c4b897dc869bce73dbd18ff3db0eb526cb374fedf12b,
paper_equality_20260918,partition,queen9_9_k4,data/partition/queen9_9_k4.mat,c1049536ac83a0a8b90c5b966ecb018229dd7348d4e22114e189bab9a8bbdeb9,
paper_equality_20260918,partition,zeroin.i.1_k3,data/partition/zeroin.i.1_k3.mat,5ee0a606fca4e77e294fca792a51551551473ac22e02477c06fe63dbe20a0c44,
paper_equality_20260918,partition,zeroin.i.1_k4,data/partition/zeroin.i.1_k4.mat,6cfde8a68d0eafdf8024e01d49d0155a384a74c1acd59e25dfaa2b9b756d76d0,
paper_equality_20260918,partition,zeroin.i.2_k3,data/partition/zeroin.i.2_k3.mat,cf22265dd88db8195476447e760c0883f250fbfb067e250344392f178c2c8ca2,
paper_equality_20260918,partition,zeroin.i.2_k4,data/partition/zeroin.i.2_k4.mat,1fb978af26591fad9380056ec391d6834b1da09a423108ea38973d1f6d0cee91,
paper_equality_20260918,partition,zeroin.i.3_k3,data/partition/zeroin.i.3_k3.mat,4ad384a53fd12843eac18c399ba4ad4fd4ca1ca9c448739c796352cace875b42,
paper_equality_20260918,partition,zeroin.i.3_k4,data/partition/zeroin.i.3_k4.mat,39ac9f39c0f9a1c29adc9da087fcfd5f4941998652c377679751cb82c814621d,
qspp_20260922,qspp,GRID1_square_01,data/qspp/GRID1_square_01.mat,36635baf9431f6626dc763406c544c672693097b1b6262e92ba8e0d10e3a1257,GRID1_square
qspp_20260922,qspp,GRID1_square_02,data/qspp/GRID1_square_02.mat,5b794573ec26e25dc6cf1ce0d07bd4f89bbd281e47c19e131f037104ccd4f7a0,GRID1_square
qspp_20260922,qspp,GRID1_square_03,data/qspp/GRID1_square_03.mat,598fba959bae881adb79b0498280336254d379c37266bf30ccaf92ab7e0a899e,GRID1_square
qspp_20260922,qspp,GRID1_square_04,data/qspp/GRID1_square_04.mat,6bbb4db1dd45d6eff4d3656ff9c75bdaa6852157a0a80ffe6c4fb10c7f0c9b7c,GRID1_square
qspp_20260922,qspp,GRID1_square_05,data/qspp/GRID1_square_05.mat,1dab6507c340c815471af146ef090c9ac35088cdf33ec3ff66593706bf3e0d50,GRID1_square
qspp_20260922,qspp,GRID1_square_06,data/qspp/GRID1_square_06.mat,b9bd222b14eddc17076d540e1c2b92076cc9b61e4cdc4c6146dd17582328e709,GRID1_square
qspp_20260922,qspp,GRID1_square_07,data/qspp/GRID1_square_07.mat,04aa0c8e152a22ffbad649342bdfb873f4ce6c4a405f99f0d08e801c30761e4f,GRID1_square
qspp_20260922,qspp,GRID1_square_08,data/qspp/GRID1_square_08.mat,cdd05abcac7c3f405bd4c96c15907d578052c89c6150783894845b41cdd8e37d,GRID1_square
qspp_20260922,qspp,GRID1_square_09,data/qspp/GRID1_square_09.mat,53c3055524ed4f76eb3fa39f288e1789018e086292dc6746ac29baf135c90bf7,GRID1_square
qspp_20260922,qspp,GRID1_square_10,data/qspp/GRID1_square_10.mat,ffad3e162ce5e734857b08b10a128b350de28322153c8511ceab8c1a5743d1b9,GRID1_square
qspp_20260922,qspp,GRID1_square_11,data/qspp/GRID1_square_11.mat,334224a835ab1ab0c7e7ebf3fd3bd019512f786803edb0cd28200f431593888d,GRID1_square
qspp_20260922,qspp,GRID1_square_12,data/qspp/GRID1_square_12.mat,829c0d32adf18de59c30dadd0bee8da2dd8fa92397392cdb423eb8095a22eb79,GRID1_square
qspp_20260922,qspp,GRID1_square_13,data/qspp/GRID1_square_13.mat,d7123ceddaa70ff1099f38426d88727c7d1324629005ca567987d844c3fae91a,GRID1_square
qspp_20260922,qspp,GRID1_square_14,data/qspp/GRID1_square_14.mat,db1a4960e17581095de2b41171076298852a4240e45287a540da71594ea67453,GRID1_square
qspp_20260922,qspp,GRID1_square_15,data/qspp/GRID1_square_15.mat,a7dc18185e1113ae5a4591604539499246865bfd2cf49ef0ddbbebd7dd4e6df3,GRID1_square
qspp_20260922,qspp,GRID1_square_16,data/qspp/GRID1_square_16.mat,4c09f40d3026512bc000acc3e88e0358aa519c1d5552e6e11952f6f1aeca968d,GRID1_square
qspp_20260922,qspp,GRID1_square_17,data/qspp/GRID1_square_17.mat,63f62a2010811b33763b941387d8bfb70bf84d9a81d0c5f7709fd1078b8ce17c,GRID1_square
qspp_20260922,qspp,GRID1_square_18,data/qspp/GRID1_square_18.mat,14300e5de830ed42d3e81771a40a40b78b8452fc16e8f38d1873bb2d544e35c2,GRID1_square
qspp_20260922,qspp,GRID1_square_19,data/qspp/GRID1_square_19.mat,95048ef3e8f2d778652c52dd51c4a2ba46d3ba5c4f057e9278392830f9817ee0,GRID1_square
qspp_20260922,qspp,GRID1_square_20,data/qspp/GRID1_square_20.mat,b8ce06584c2c13211153f7279b1baeda6f8981833268dcff8426a050fb6bec12,GRID1_square
qspp_20260922,qspp,GRID1_square_21,data/qspp/GRID1_square_21.mat,d848467caf035726d75684169793affc449fe088cfcad3b245674cf7637c2531,GRID1_square
qspp_20260922,qspp,GRID1_square_22,data/qspp/GRID1_square_22.mat,93f83b9a1bf5a0163008fd9c17a51e3782c7536b8882cfe0596cdea6349d5446,GRID1_square
qspp_20260922,qspp,GRID1_square_23,data/qspp/GRID1_square_23.mat,ff05d386a4dfe7ef2414a6fa6605dbaba61f14cc5438b094e2e073025702601f,GRID1_square
qspp_20260922,qspp,GRID1_square_24,data/qspp/GRID1_square_24.mat,5736988b2fc8dc8e43380f9854c957c5010171bc9112b030a883fcbce8a80401,GRID1_square
qspp_20260922,qspp,GRID1_square_25,data/qspp/GRID1_square_25.mat,19084ee90bd325baf1ec168eb6f13e3cd29b811bdf27fe4d3106773adf31a765,GRID1_square
qspp_20260922,qspp,GRID1_square_26,data/qspp/GRID1_square_26.mat,3d8705d10b5d1ee544fbf622b56fa653e9cd6663b7f413dc1e388f109766488e,GRID1_square
qspp_20260922,qspp,GRID1_square_27,data/qspp/GRID1_square_27.mat,9adaead11e968fd5fa93ae4f04e4ee2740b65363b339d31f05a4880d252aa22d,GRID1_square
qspp_20260922,qspp,GRID1_square_28,data/qspp/GRID1_square_28.mat,f2e75744bcab8296f12b4a654a45293158d331a97f0f94031ae6e89160028f93,GRID1_square
qspp_20260922,qspp,GRID1_square_29,data/qspp/GRID1_square_29.mat,c376a6fde803934741506d08b41768bbb6d9cd346ee5f2ba9eb2057e575aa31a,GRID1_square
qspp_20260922,qspp,GRID1_square_30,data/qspp/GRID1_square_30.mat,c471afd6c2c68525ef59ddaec7bbdecfcf125360ee1e3be3f79d653eb03d57e8,GRID1_square
qspp_20260922,qspp,GRID1_square_31,data/qspp/GRID1_square_31.mat,87176b77250f71c258554b2ae0d66623687f0bd10fad5d2049e0a4958fe38d09,GRID1_square
qspp_20260922,qspp,GRID1_square_32,data/qspp/GRID1_square_32.mat,ee0b5d99b5e6f99f9a773ea8dd418b90ffe35d2e6cd9f638f0f7e7126cc7fb94,GRID1_square
qspp_20260922,qspp,GRID1_square_33,data/qspp/GRID1_square_33.mat,0b2732c5c6ae40ef6535c965b751a25b5edbbd6c2897db55673cf9a7adace933,GRID1_square
qspp_20260922,qspp,GRID1_square_34,data/qspp/GRID1_square_34.mat,19b2b08ad05bb28f9ae3c3bbd23b14e5f85e58bebbcc559dd427bb6b0d74d011,GRID1_square
qspp_20260922,qspp,GRID1_square_35,data/qspp/GRID1_square_35.mat,8eda3b34afbc3ed63f5c60dc2b76519db8f73e8afaece54c09a001ae79e556ac,GRID1_square
qspp_20260922,qspp,GRID1_square_36,data/qspp/GRID1_square_36.mat,5a52eb12916597c68d06395b19982eeb764a2af280f17096e399fecd086795ce,GRID1_square
qspp_20260922,qspp,GRID1_square_37,data/qspp/GRID1_square_37.mat,b2f01544da3e83cc820ec5c24320655e54c0917bc18f76a2ee96bac0f803807b,GRID1_square
qspp_20260922,qspp,GRID1_square_38,data/qspp/GRID1_square_38.mat,c87f6e1847a507f847b0386d4b90bb41802407ab23513d6d1ec6ef5ff8fc90d9,GRID1_square
qspp_20260922,qspp,GRID1_square_39,data/qspp/GRID1_square_39.mat,06ebe18584a8979613c3d238a1a1207ad63762341684ed67db3a82293e6508c3,GRID1_square
qspp_20260922,qspp,GRID1_square_40,data/qspp/GRID1_square_40.mat,b1dbba33a67d0fdb64efa02b7b661196e0f571c34d9c3cec431d0fb828a4b525,GRID1_square
qspp_20260922,qspp,GRID3_SQUARE_01,data/qspp/GRID3_SQUARE_01.mat,a194bafe13189023790de7a958fc34c3482b6f22f09c511847d5634d615ae529,GRID3_SQUARE
qspp_20260922,qspp,GRID3_SQUARE_02,data/qspp/GRID3_SQUARE_02.mat,2ad677308b2c65252d20b7a227a104a7f1c5d66a4643f34a24331ddf14f658eb,GRID3_SQUARE
qspp_20260922,qspp,GRID3_SQUARE_03,data/qspp/GRID3_SQUARE_03.mat,9d298ff2471f8defb71a2278cb67ff5438ef04efb10c35d73cd465e70a79f3e1,GRID3_SQUARE
qspp_20260922,qspp,GRID3_SQUARE_04,data/qspp/GRID3_SQUARE_04.mat,cd10001ff256d1a36663c144053ac6b145ed3addb7f8bcb2c73b77338b72bd2f,GRID3_SQUARE
qspp_20260922,qspp,GRID3_SQUARE_05,data/qspp/GRID3_SQUARE_05.mat,de0ddd20a07c744a951fa935ffe6e6c1cfdc86d880d9256a575c9ba0004cdf32,GRID3_SQUARE
qspp_20260922,qspp,GRID3_SQUARE_06,data/qspp/GRID3_SQUARE_06.mat,9c3abf37de5940e8b5c435df2c6975c169bb99630f182769304ab513f9a790fc,GRID3_SQUARE
qspp_20260922,qspp,GRID3_SQUARE_07,data/qspp/GRID3_SQUARE_07.mat,2ef618e3402d09fc4d9c71654ffe0e10116008403f70d67b5ce6db4913d3c517,GRID3_SQUARE
qspp_20260922,qspp,GRID3_SQUARE_08,data/qspp/GRID3_SQUARE_08.mat,672762c986db253992f5cd57e262fb61d9d0957a6653f31e0469ab09df8735a8,GRID3_SQUARE
qspp_20260922,qspp,PARK_01,data/qspp/PARK_01.mat,816f1e0aed8c433394c283a0ec786cb7a83268a1914805c77702e44903fc7370,PARK
qspp_20260922,qspp,PARK_02,data/qspp/PARK_02.mat,e1e6bcca07d2cd0eca085f2eba1cc3e64ee37190487749824c0ec81d1c637d73,PARK
qspp_20260922,qspp,PARK_03,data/qspp/PARK_03.mat,3a7f1103731cab67aaa4cee2683d37a6a739aeacae3fcd6209c749c2dc2aea9c,PARK
qspp_20260922,qspp,PARK_04,data/qspp/PARK_04.mat,05c8a61aaa138fb0cb3b6eca39aee98aa0fa5a272bb1a8092fbd2d05a56cdcbe,PARK
qspp_20260922,qspp,PARK_05,data/qspp/PARK_05.mat,27c39931e4171a821023d172673af32ad1eeedc5417f67e766361f9c5717df57,PARK
qspp_20260922,qspp,PARK_06,data/qspp/PARK_06.mat,3cc4541e7f1cbdec24e4e45a6fd90e72ab71626a428aa76d804d1f38ca6d8cce,PARK
qspp_20260922,qspp,PARK_07,data/qspp/PARK_07.mat,5f6472cacd7c92dae2694a463e318333652b25f659bc6fa8a8046d4e0c23c5d7,PARK
qspp_20260922,qspp,PARK_08,data/qspp/PARK_08.mat,28a323edfcc4447ae88e2fa5d09c2e368e52cc91c7604b4799a80a69c8d3c816,PARK
qspp_20260922,qspp,PARK_09,data/qspp/PARK_09.mat,a37e2fbf76c4ee805c2bb8ed4a7eced5f74015d6261b350c54e26a092f05cdbc,PARK
qspp_20260922,qspp,PARK_10,data/qspp/PARK_10.mat,04ecb2ba1664baa06e5e03e93f3057abd3097cb93c8195b85d22614431798aab,PARK
qspp_20260922,qspp,PARK_11,data/qspp/PARK_11.mat,4cf1943d8c966cf01a1fb9b09bc569e35739504aeec47ae514ddd3392adb8c1f,PARK
qspp_20260922,qspp,PARK_12,data/qspp/PARK_12.mat,b9781cb449f02e294c152b57584025505cbaa62a6a32b0ccfee3f1ef530f1eca,PARK
qspp_20260922,qspp,PARK_13,data/qspp/PARK_13.mat,93de75b17dcb2e9087d863d43b526611d87904153f9667d585a4cb5d6a3b8f4b,PARK
qspp_20260922,qspp,PARK_14,data/qspp/PARK_14.mat,9ebc88f67ba07b6e1f7c0d9236f9b526a056fde55fa7c12ac821802ecf85d8fd,PARK
qspp_20260922,qspp,PARK_15,data/qspp/PARK_15.mat,4659279022e45882072eb61861906ac620a9dc1145eb81bc0051c8adf40a7b6b,PARK
qspp_20260922,qspp,PARK_16,data/qspp/PARK_16.mat,41bd300fc84cc7160c289c30709a34f1d24b221f837c6ab716060d117f13987e,PARK
qspp_20260922,qspp,PARK_17,data/qspp/PARK_17.mat,1022e5776b2e9f17d4e97d67a0a9b13e4d4fb0dbb3bedaaee29e6ef7cd44d629,PARK
qspp_20260922,qspp,PARK_18,data/qspp/PARK_18.mat,72b0f471aebe7deddd70300bdb45cc350e4ed53b85f200f7b39e1e62d9a927da,PARK
qspp_20260922,qspp,PARK_19,data/qspp/PARK_19.mat,9aa734c5907bae6d016dd4999ce46a4f8add1c3eafb069f442c7cbd7a3c2c24e,PARK
qspp_20260922,qspp,PARK_20,data/qspp/PARK_20.mat,a9fb59097c97d969f52fc68ac92a0fff04d56022f0d98c41e282729f944797d8,PARK
qspp_20260922,qspp,PARK_21,data/qspp/PARK_21.mat,b9b3c5f1568dbf48be1393e0c4d0b288e0f8fdefaa7d29eff813dd2a5673e721,PARK
qspp_20260922,qspp,PARK_22,data/qspp/PARK_22.mat,39abaf3a8e57e9b2a14b53f4330359ea331c119b2d301408a0ac043537807659,PARK
qspp_20260922,qspp,PARK_23,data/qspp/PARK_23.mat,416961dfa96f3d0ddec3c2c2970abdbe7e563937ee3b515cc8bacf83dea4f451,PARK
qspp_20260922,qspp,PARK_24,data/qspp/PARK_24.mat,70d89eac9f5a5e8304ae548cee9017e31c898fe6a130b38bd93279bb5168edd6,PARK
qspp_20260922,qspp,PARK_25,data/qspp/PARK_25.mat,eef630b009fc083ae41bfc08547cd6bdb18331ac5bf126e0a7b94316ad77b586,PARK
qspp_20260922,qspp,PARK_26,data/qspp/PARK_26.mat,d37eca10cafd1fc4a68ba31f991f0a242829d7f53470a4f26f81ba59679f7b53,PARK
qspp_20260922,qspp,PARK_27,data/qspp/PARK_27.mat,e59b96cc84b375ca09451d4ab039170c4220ba6ce4e3647a5d9b9d7964e82ad4,PARK
qspp_20260922,qspp,PARK_28,data/qspp/PARK_28.mat,db28bca199f785fae5b6d3f11ba0a9fcee1b56b62e3a0774adca4ddf5f6034b9,PARK
